技能ID,技能名称,升级经验,技能类型,技能脚本,伤害类型,学习职业,学习等级,魔法消耗,作用目标类型,攻击范围类型,攻击范围,攻速类型,CD时间（重新检查）,僵直时间,技能仇恨值,最大攻击数量,BUFF,子技能,施放距离,显示组别,组别icon,伤害飘字段数,伤害延迟
技能组ID+技能等级,,-1=不能升级；0=升级不消耗经验；>0=升级消耗经验数量,1=主动技能2=被动技能3=连击技能4=子技能 5=一次性技能,1：走伤害公式技能（通用伤害；通用治疗技能；伤害技能带BUFF）2：不走伤害公式技能及没有伤害，能给目标产生位移和添加buff3：不选择目标，不对目标造成伤害，只影响自己和地图（通用地面buff：召唤类技能）,1：物理伤害 2：魔法伤害 3：诅咒伤害,11:1转剑士12:1转魔法师13:1转弓箭手14:1转魔剑士15:1转圣导师21:2转剑士22:2转魔法师23:2转弓箭手24:2转魔剑士25:2转圣导师31:3转剑士32:3转魔法师33:3转弓箭手34:3转魔剑士35:3转圣导师91：怪物99：卷轴技能,,,1:敌方2:友方3:友方召唤物4:敌方召唤物,0=单体；1=范围；2=单格；3=友方单位,攻击范围类型=1时必填,31种攻速类型,0或不填=受攻速影响，单位毫秒,单位毫秒,,最多目标数,,buff触发的伤害子技能id,,用于界面展示,,比例1#比例2，表示有几段伤害，顺序随机,实际受到伤害的延迟，单位毫秒
uint#id,string#name,uint#exp,uint#skillType,string#type,uint#damageType,string#career,uint#needLevel,uint#costMP,uint#targetType,uint#effectArea,uint#path,uint#speed,uint#cdTime,uint#stiffTime,uint#hatePoint,uint#maxTarget,string#buff,uint#subSkill,uint#releaseDistance,uint#showgroup,string#groupicon,string#damagenum,uint#damagedelay
id,name,exp,skillType,script,damageType,career,needLevel,costMP,targetType,effectAreaType,effectAreaRange,speed,cdTime,stiffTime,hatePoint,maxTarget,buff,subSkill,releaseDistance,showgroup,groupicon,damagenum,damagedelay
7111,远程动作1单体攻击CD1秒,-1,1,hurt,1,91,,0,1,0,,7,1000,1000,0,1,,,5,,,100,
7112,远程动作1单体攻击CD2秒,-1,1,hurt,1,91,,0,1,0,,7,1000,1000,0,1,,,5,,,100,
7113,远程动作1单体攻击CD3秒,-1,1,hurt,1,91,,0,1,0,,7,1000,1000,0,1,,,5,,,100,
7114,远程动作1单体攻击CD4秒,-1,1,hurt,1,91,,0,1,0,,7,1000,1000,0,1,,,5,,,100,
7121,远程动作1公cd2单体攻击CD1秒,-1,1,hurt,1,91,,0,1,0,,7,1000,1000,0,1,,,5,,,100,
7122,远程动作1公cd2单体攻击CD2秒,-1,1,hurt,1,91,,0,1,0,,7,1000,1000,0,1,,,5,,,100,
7123,远程动作1公cd2单体攻击CD3秒,-1,1,hurt,1,91,,0,1,0,,7,1000,1000,0,1,,,5,,,100,
7124,远程动作1公cd2单体攻击CD4秒,-1,1,hurt,1,91,,0,1,0,,7,1000,1000,0,1,,,5,,,100,
7211,远程动作2单体攻击CD1秒,-1,1,hurt,1,91,,0,1,0,,7,1000,1000,0,1,,,5,,,100,
7212,远程动作2单体攻击CD2秒,-1,1,hurt,1,91,,0,1,0,,7,1000,1000,0,1,,,5,,,100,
7213,远程动作2单体攻击CD3秒,-1,1,hurt,1,91,,0,1,0,,7,1000,1000,0,1,,,5,,,100,
7214,远程动作2单体攻击CD4秒,-1,1,hurt,1,91,,0,1,0,,7,1000,1000,0,1,,,5,,,100,
7221,远程动作2公cd2单体攻击CD1秒,-1,1,hurt,1,91,,0,1,0,,7,1000,1000,0,1,,,5,,,100,
7222,远程动作2公cd2单体攻击CD2秒,-1,1,hurt,1,91,,0,1,0,,7,1000,1000,0,1,,,5,,,100,
7223,远程动作2公cd2单体攻击CD3秒,-1,1,hurt,1,91,,0,1,0,,7,1000,1000,0,1,,,5,,,100,
7224,远程动作2公cd2单体攻击CD4秒,-1,1,hurt,1,91,,0,1,0,,7,1000,1000,0,1,,,5,,,100,
7311,远程动作3单体攻击CD1秒,-1,1,hurt,1,91,,0,1,0,,7,1000,1000,0,1,,,5,,,100,
7312,远程动作3单体攻击CD2秒,-1,1,hurt,1,91,,0,1,0,,7,1000,1000,0,1,,,5,,,100,
7313,远程动作3单体攻击CD3秒,-1,1,hurt,1,91,,0,1,0,,7,1000,1000,0,1,,,5,,,100,
7314,远程动作3单体攻击CD4秒,-1,1,hurt,1,91,,0,1,0,,7,1000,1000,0,1,,,5,,,100,
7321,远程动作3公cd2单体攻击CD1秒,-1,1,hurt,1,91,,0,1,0,,7,1000,1000,0,1,,,5,,,100,
7322,远程动作3公cd2单体攻击CD2秒,-1,1,hurt,1,91,,0,1,0,,7,1000,1000,0,1,,,5,,,100,
7323,远程动作3公cd2单体攻击CD3秒,-1,1,hurt,1,91,,0,1,0,,7,1000,1000,0,1,,,5,,,100,
7324,远程动作3公cd2单体攻击CD4秒,-1,1,hurt,1,91,,0,1,0,,7,1000,1000,0,1,,,5,,,100,
7411,远程动作4单体攻击CD1秒,-1,1,hurt,1,91,,0,1,0,,7,1000,1000,0,1,,,5,,,100,
7412,远程动作4单体攻击CD2秒,-1,1,hurt,1,91,,0,1,0,,7,1000,1000,0,1,,,5,,,100,
7413,远程动作4单体攻击CD3秒,-1,1,hurt,1,91,,0,1,0,,7,1000,1000,0,1,,,5,,,100,
7414,远程动作4单体攻击CD4秒,-1,1,hurt,1,91,,0,1,0,,7,1000,1000,0,1,,,5,,,100,
7421,远程动作4公cd3单体攻击CD1秒,-1,1,hurt,1,91,,0,1,0,,7,1000,1000,0,1,,,5,,,100,
7422,远程动作4公cd3单体攻击CD2秒,-1,1,hurt,1,91,,0,1,0,,7,1000,1000,0,1,,,5,,,100,
7423,远程动作4公cd3单体攻击CD3秒,-1,1,hurt,1,91,,0,1,0,,7,1000,1000,0,1,,,5,,,100,
7424,远程动作4公cd3单体攻击CD4秒,-1,1,hurt,1,91,,0,1,0,,7,1000,1000,0,1,,,5,,,100,
8111,近战动作1单体攻击CD1秒,-1,1,hurt,1,91,,0,1,0,,7,3000,3000,0,1,,,1,,,100,
8112,近战动作1单体攻击CD2秒,-1,1,hurt,1,91,,0,1,0,,7,1000,1000,0,1,,,1,,,100,
8113,近战动作1单体攻击CD3秒,-1,1,hurt,1,91,,0,1,0,,7,1000,1000,0,1,,,1,,,100,
8114,近战动作1单体攻击CD4秒,-1,1,hurt,1,91,,0,1,0,,7,1000,1000,0,1,,,1,,,100,
8121,近战动作1公cd2单体攻击CD1秒,-1,1,hurt,1,91,,0,1,0,,7,1000,1000,0,1,,,1,,,100,
8122,近战动作1公cd2单体攻击CD2秒,-1,1,hurt,1,91,,0,1,0,,7,1000,1000,0,1,,,1,,,100,
8123,近战动作1公cd2单体攻击CD3秒,-1,1,hurt,1,91,,0,1,0,,7,1000,1000,0,1,,,1,,,100,
8124,近战动作1公cd2单体攻击CD4秒,-1,1,hurt,1,91,,0,1,0,,7,1000,1000,0,1,,,1,,,100,
8211,近战动作2单体攻击CD1秒,-1,1,hurt,1,91,,0,1,0,,7,1000,1000,0,1,,,1,,,100,
8212,近战动作2单体攻击CD2秒,-1,1,hurt,1,91,,0,1,0,,7,1000,1000,0,1,,,1,,,100,
8213,近战动作2单体攻击CD3秒,-1,1,hurt,1,91,,0,1,0,,7,1000,1000,0,1,,,1,,,100,
8214,近战动作2单体攻击CD4秒,-1,1,hurt,1,91,,0,1,0,,7,1000,1000,0,1,,,1,,,100,
8221,近战动作2公cd2单体攻击CD1秒,-1,1,hurt,1,91,,0,1,0,,7,1000,1000,0,1,,,1,,,100,
8222,近战动作2公cd2单体攻击CD2秒,-1,1,hurt,1,91,,0,1,0,,7,1000,1000,0,1,,,1,,,100,
8223,近战动作2公cd2单体攻击CD3秒,-1,1,hurt,1,91,,0,1,0,,7,1000,1000,0,1,,,1,,,100,
8224,近战动作2公cd2单体攻击CD4秒,-1,1,hurt,1,91,,0,1,0,,7,1000,1000,0,1,,,1,,,100,
8311,近战动作3单体攻击CD1秒,-1,1,hurt,1,91,,0,1,0,,7,1000,1000,0,1,,,1,,,100,
8312,近战动作3单体攻击CD2秒,-1,1,hurt,1,91,,0,1,0,,7,1000,1000,0,1,,,1,,,100,
8313,近战动作3单体攻击CD3秒,-1,1,hurt,1,91,,0,1,0,,7,1000,1000,0,1,,,1,,,100,
8314,近战动作3单体攻击CD4秒,-1,1,hurt,1,91,,0,1,0,,7,1000,1000,0,1,,,1,,,100,
8321,近战动作3公cd2单体攻击CD1秒,-1,1,hurt,1,91,,0,1,0,,7,1000,1000,0,1,,,1,,,100,
8322,近战动作3公cd2单体攻击CD2秒,-1,1,hurt,1,91,,0,1,0,,7,1000,1000,0,1,,,1,,,100,
8323,近战动作3公cd2单体攻击CD3秒,-1,1,hurt,1,91,,0,1,0,,7,1000,1000,0,1,,,1,,,100,
8324,近战动作3公cd2单体攻击CD4秒,-1,1,hurt,1,91,,0,1,0,,7,1000,1000,0,1,,,1,,,100,
8411,近战动作4单体攻击CD1秒,-1,1,hurt,1,91,,0,1,0,,7,1000,1000,0,1,,,1,,,100,
8412,近战动作4单体攻击CD2秒,-1,1,hurt,1,91,,0,1,0,,7,1000,1000,0,1,,,1,,,100,
8413,近战动作4单体攻击CD3秒,-1,1,hurt,1,91,,0,1,0,,7,1000,1000,0,1,,,1,,,100,
8414,近战动作4单体攻击CD4秒,-1,1,hurt,1,91,,0,1,0,,7,1000,1000,0,1,,,1,,,100,
8421,近战动作4公cd3单体攻击CD1秒,-1,1,hurt,1,91,,0,1,0,,7,1000,1000,0,1,,,1,,,100,
8422,近战动作4公cd3单体攻击CD2秒,-1,1,hurt,1,91,,0,1,0,,7,1000,1000,0,1,,,1,,,100,
8423,近战动作4公cd3单体攻击CD3秒,-1,1,hurt,1,91,,0,1,0,,7,1000,1000,0,1,,,1,,,100,
8424,近战动作4公cd3单体攻击CD4秒,-1,1,hurt,1,91,,0,1,0,,7,1000,1000,0,1,,,1,,,100,
9100,6格直线攻击,-1,1,hurt,1,91,,0,1,1,9100,7,1000,1000,0,99,,,5,,,100,
9101,6格扇形攻击,-1,1,hurt,1,91,,0,1,1,9101,7,1000,1000,0,99,,,5,,,100,
9102,6格8方向AOE,-1,1,hurt,1,91,,0,1,1,9102,7,1000,1000,0,99,,,5,,,100,
9103,周围3格AOE,-1,1,hurt,1,91,,0,1,1,9103,7,1000,1000,0,99,,,2,,,100,
9104,周围6格AOE,-1,1,hurt,1,91,,0,1,1,9104,7,1000,1000,0,99,,,5,,,100,
9105,目标点AOE,-1,1,hurt,1,91,,0,1,1,9105,7,1000,1000,0,99,,,5,,,100,
9106,4距离大扇形,-1,1,hurt,1,91,,0,1,1,9106,7,1000,1000,0,99,,,5,,,100,
9107,6半径圆形,-1,1,hurt,1,91,,0,1,1,9107,7,1000,1000,0,99,,,5,,,100,
9000000,热血江湖单体近战怪物通用,-1,1,hurt,1,91,,0,1,0,,7,2000,1000,0,1,,,2,,,100,1500
9010085,武功小怪-85,-1,1,hurt,1,91,,0,1,0,,7,2000,1000,0,1,,,2,,,100,1500
9010086,武功小怪-86,-1,1,hurt,1,91,,0,1,0,,7,2000,1000,0,1,,,2,,,100,1500
9010087,武功小怪-87,-1,1,hurt,1,91,,0,1,0,,7,2000,1000,0,1,,,2,,,100,1500
9010088,武功小怪-88,-1,1,hurt,1,91,,0,1,0,,7,2000,1000,0,1,,,2,,,100,1500
9010089,武功小怪-89,-1,1,hurt,1,91,,0,1,0,,7,2000,1000,0,1,,,2,,,100,1500
9010090,武功小怪-90,-1,1,hurt,1,91,,0,1,0,,7,2000,1000,0,1,,,2,,,100,1500
9010091,武功小怪-91,-1,1,hurt,1,91,,0,1,0,,7,2000,1000,0,1,,,2,,,100,1500
9010092,武功小怪-92,-1,1,hurt,1,91,,0,1,0,,7,2000,1000,0,1,,,2,,,100,1500
9010093,武功小怪-93,-1,1,hurt,1,91,,0,1,0,,7,2000,1000,0,1,,,2,,,100,1500
9010094,武功小怪-94,-1,1,hurt,1,91,,0,1,0,,7,2000,1000,0,1,,,2,,,100,1500
9010095,武功小怪-95,-1,1,hurt,1,91,,0,1,0,,7,2000,1000,0,1,,,2,,,100,1500
9010096,武功小怪-96,-1,1,hurt,1,91,,0,1,0,,7,2000,1000,0,1,,,2,,,100,1500
9010097,武功小怪-97,-1,1,hurt,1,91,,0,1,0,,7,2000,1000,0,1,,,2,,,100,1500
9010098,武功小怪-98,-1,1,hurt,1,91,,0,1,0,,7,2000,1000,0,1,,,2,,,100,1500
9010099,武功小怪-99,-1,1,hurt,1,91,,0,1,0,,7,2000,1000,0,1,,,2,,,100,1500
9010100,武功小怪-100,-1,1,hurt,1,91,,0,1,0,,7,2000,1000,0,1,,,2,,,100,1500
9010101,武功小怪-101,-1,1,hurt,1,91,,0,1,0,,7,2000,1000,0,1,,,2,,,100,1500
9010102,武功小怪-102,-1,1,hurt,1,91,,0,1,0,,7,2000,1000,0,1,,,2,,,100,1500
9010103,武功小怪-103,-1,1,hurt,1,91,,0,1,0,,7,2000,1000,0,1,,,2,,,100,1500
9010104,武功小怪-104,-1,1,hurt,1,91,,0,1,0,,7,2000,1000,0,1,,,2,,,100,1500
9010105,武功小怪-105,-1,1,hurt,1,91,,0,1,0,,7,2000,1000,0,1,,,2,,,100,1500
9010106,武功小怪-106,-1,1,hurt,1,91,,0,1,0,,7,2000,1000,0,1,,,2,,,100,1500
9010107,武功小怪-107,-1,1,hurt,1,91,,0,1,0,,7,2000,1000,0,1,,,2,,,100,1500
9010108,武功小怪-108,-1,1,hurt,1,91,,0,1,0,,7,2000,1000,0,1,,,2,,,100,1500
9010109,武功小怪-109,-1,1,hurt,1,91,,0,1,0,,7,2000,1000,0,1,,,2,,,100,1500
9010110,武功小怪-110,-1,1,hurt,1,91,,0,1,0,,7,2000,1000,0,1,,,2,,,100,1500
9010111,武功小怪-111,-1,1,hurt,1,91,,0,1,0,,7,2000,1000,0,1,,,2,,,100,1500
9010112,武功小怪-112,-1,1,hurt,1,91,,0,1,0,,7,2000,1000,0,1,,,2,,,100,1500
9010113,武功小怪-113,-1,1,hurt,1,91,,0,1,0,,7,2000,1000,0,1,,,2,,,100,1500
9010114,武功小怪-114,-1,1,hurt,1,91,,0,1,0,,7,2000,1000,0,1,,,2,,,100,1500
9010115,武功小怪-115,-1,1,hurt,1,91,,0,1,0,,7,2000,1000,0,1,,,2,,,100,1500
9010116,武功小怪-116,-1,1,hurt,1,91,,0,1,0,,7,2000,1000,0,1,,,2,,,100,1500
9010117,武功小怪-117,-1,1,hurt,1,91,,0,1,0,,7,2000,1000,0,1,,,2,,,100,1500
9010118,武功小怪-118,-1,1,hurt,1,91,,0,1,0,,7,2000,1000,0,1,,,2,,,100,1500
9010119,武功小怪-119,-1,1,hurt,1,91,,0,1,0,,7,2000,1000,0,1,,,2,,,100,1500
9010120,武功小怪-120,-1,1,hurt,1,91,,0,1,0,,7,2000,1000,0,1,,,2,,,100,1500
9010121,武功小怪-121,-1,1,hurt,1,91,,0,1,0,,7,2000,1000,0,1,,,2,,,100,1500
9010122,武功小怪-122,-1,1,hurt,1,91,,0,1,0,,7,2000,1000,0,1,,,2,,,100,1500
9010123,武功小怪-123,-1,1,hurt,1,91,,0,1,0,,7,2000,1000,0,1,,,2,,,100,1500
9010124,武功小怪-124,-1,1,hurt,1,91,,0,1,0,,7,2000,1000,0,1,,,2,,,100,1500
9010125,武功小怪-125,-1,1,hurt,1,91,,0,1,0,,7,2000,1000,0,1,,,2,,,100,1500
9010126,武功小怪-126,-1,1,hurt,1,91,,0,1,0,,7,2000,1000,0,1,,,2,,,100,1500
9010127,武功小怪-127,-1,1,hurt,1,91,,0,1,0,,7,2000,1000,0,1,,,2,,,100,1500
9010128,武功小怪-128,-1,1,hurt,1,91,,0,1,0,,7,2000,1000,0,1,,,2,,,100,1500
9010129,武功小怪-129,-1,1,hurt,1,91,,0,1,0,,7,2000,1000,0,1,,,2,,,100,1500
9010130,武功小怪-130,-1,1,hurt,1,91,,0,1,0,,7,2000,1000,0,1,,,2,,,100,1500
9010131,武功小怪-131,-1,1,hurt,1,91,,0,1,0,,7,2000,1000,0,1,,,2,,,100,1500
9010132,武功小怪-132,-1,1,hurt,1,91,,0,1,0,,7,2000,1000,0,1,,,2,,,100,1500
9010133,武功小怪-133,-1,1,hurt,1,91,,0,1,0,,7,2000,1000,0,1,,,2,,,100,1500
9010134,武功小怪-134,-1,1,hurt,1,91,,0,1,0,,7,2000,1000,0,1,,,2,,,100,1500
9010135,武功小怪-135,-1,1,hurt,1,91,,0,1,0,,7,2000,1000,0,1,,,2,,,100,1500
9010136,武功小怪-136,-1,1,hurt,1,91,,0,1,0,,7,2000,1000,0,1,,,2,,,100,1500
9010137,武功小怪-137,-1,1,hurt,1,91,,0,1,0,,7,2000,1000,0,1,,,2,,,100,1500
9010138,武功小怪-138,-1,1,hurt,1,91,,0,1,0,,7,2000,1000,0,1,,,2,,,100,1500
9010139,武功小怪-139,-1,1,hurt,1,91,,0,1,0,,7,2000,1000,0,1,,,2,,,100,1500
9010140,武功小怪-140,-1,1,hurt,1,91,,0,1,0,,7,2000,1000,0,1,,,2,,,100,1500
9020085,武功精英-85,-1,1,hurt,1,91,,0,1,0,,7,2000,1000,0,1,,,2,,,100,1500
9020086,武功精英-86,-1,1,hurt,1,91,,0,1,0,,7,2000,1000,0,1,,,2,,,100,1500
9020087,武功精英-87,-1,1,hurt,1,91,,0,1,0,,7,2000,1000,0,1,,,2,,,100,1500
9020088,武功精英-88,-1,1,hurt,1,91,,0,1,0,,7,2000,1000,0,1,,,2,,,100,1500
9020089,武功精英-89,-1,1,hurt,1,91,,0,1,0,,7,2000,1000,0,1,,,2,,,100,1500
9020090,武功精英-90,-1,1,hurt,1,91,,0,1,0,,7,2000,1000,0,1,,,2,,,100,1500
9020091,武功精英-91,-1,1,hurt,1,91,,0,1,0,,7,2000,1000,0,1,,,2,,,100,1500
9020092,武功精英-92,-1,1,hurt,1,91,,0,1,0,,7,2000,1000,0,1,,,2,,,100,1500
9020093,武功精英-93,-1,1,hurt,1,91,,0,1,0,,7,2000,1000,0,1,,,2,,,100,1500
9020094,武功精英-94,-1,1,hurt,1,91,,0,1,0,,7,2000,1000,0,1,,,2,,,100,1500
9020095,武功精英-95,-1,1,hurt,1,91,,0,1,0,,7,2000,1000,0,1,,,2,,,100,1500
9020096,武功精英-96,-1,1,hurt,1,91,,0,1,0,,7,2000,1000,0,1,,,2,,,100,1500
9020097,武功精英-97,-1,1,hurt,1,91,,0,1,0,,7,2000,1000,0,1,,,2,,,100,1500
9020098,武功精英-98,-1,1,hurt,1,91,,0,1,0,,7,2000,1000,0,1,,,2,,,100,1500
9020099,武功精英-99,-1,1,hurt,1,91,,0,1,0,,7,2000,1000,0,1,,,2,,,100,1500
9020100,武功精英-100,-1,1,hurt,1,91,,0,1,0,,7,2000,1000,0,1,,,2,,,100,1500
9020101,武功精英-101,-1,1,hurt,1,91,,0,1,0,,7,2000,1000,0,1,,,2,,,100,1500
9020102,武功精英-102,-1,1,hurt,1,91,,0,1,0,,7,2000,1000,0,1,,,2,,,100,1500
9020103,武功精英-103,-1,1,hurt,1,91,,0,1,0,,7,2000,1000,0,1,,,2,,,100,1500
9020104,武功精英-104,-1,1,hurt,1,91,,0,1,0,,7,2000,1000,0,1,,,2,,,100,1500
9020105,武功精英-105,-1,1,hurt,1,91,,0,1,0,,7,2000,1000,0,1,,,2,,,100,1500
9020106,武功精英-106,-1,1,hurt,1,91,,0,1,0,,7,2000,1000,0,1,,,2,,,100,1500
9020107,武功精英-107,-1,1,hurt,1,91,,0,1,0,,7,2000,1000,0,1,,,2,,,100,1500
9020108,武功精英-108,-1,1,hurt,1,91,,0,1,0,,7,2000,1000,0,1,,,2,,,100,1500
9020109,武功精英-109,-1,1,hurt,1,91,,0,1,0,,7,2000,1000,0,1,,,2,,,100,1500
9020110,武功精英-110,-1,1,hurt,1,91,,0,1,0,,7,2000,1000,0,1,,,2,,,100,1500
9020111,武功精英-111,-1,1,hurt,1,91,,0,1,0,,7,2000,1000,0,1,,,2,,,100,1500
9020112,武功精英-112,-1,1,hurt,1,91,,0,1,0,,7,2000,1000,0,1,,,2,,,100,1500
9020113,武功精英-113,-1,1,hurt,1,91,,0,1,0,,7,2000,1000,0,1,,,2,,,100,1500
9020114,武功精英-114,-1,1,hurt,1,91,,0,1,0,,7,2000,1000,0,1,,,2,,,100,1500
9020115,武功精英-115,-1,1,hurt,1,91,,0,1,0,,7,2000,1000,0,1,,,2,,,100,1500
9020116,武功精英-116,-1,1,hurt,1,91,,0,1,0,,7,2000,1000,0,1,,,2,,,100,1500
9020117,武功精英-117,-1,1,hurt,1,91,,0,1,0,,7,2000,1000,0,1,,,2,,,100,1500
9020118,武功精英-118,-1,1,hurt,1,91,,0,1,0,,7,2000,1000,0,1,,,2,,,100,1500
9020119,武功精英-119,-1,1,hurt,1,91,,0,1,0,,7,2000,1000,0,1,,,2,,,100,1500
9020120,武功精英-120,-1,1,hurt,1,91,,0,1,0,,7,2000,1000,0,1,,,2,,,100,1500
9020121,武功精英-121,-1,1,hurt,1,91,,0,1,0,,7,2000,1000,0,1,,,2,,,100,1500
9020122,武功精英-122,-1,1,hurt,1,91,,0,1,0,,7,2000,1000,0,1,,,2,,,100,1500
9020123,武功精英-123,-1,1,hurt,1,91,,0,1,0,,7,2000,1000,0,1,,,2,,,100,1500
9020124,武功精英-124,-1,1,hurt,1,91,,0,1,0,,7,2000,1000,0,1,,,2,,,100,1500
9020125,武功精英-125,-1,1,hurt,1,91,,0,1,0,,7,2000,1000,0,1,,,2,,,100,1500
9020126,武功精英-126,-1,1,hurt,1,91,,0,1,0,,7,2000,1000,0,1,,,2,,,100,1500
9020127,武功精英-127,-1,1,hurt,1,91,,0,1,0,,7,2000,1000,0,1,,,2,,,100,1500
9020128,武功精英-128,-1,1,hurt,1,91,,0,1,0,,7,2000,1000,0,1,,,2,,,100,1500
9020129,武功精英-129,-1,1,hurt,1,91,,0,1,0,,7,2000,1000,0,1,,,2,,,100,1500
9020130,武功精英-130,-1,1,hurt,1,91,,0,1,0,,7,2000,1000,0,1,,,2,,,100,1500
9020131,武功精英-131,-1,1,hurt,1,91,,0,1,0,,7,2000,1000,0,1,,,2,,,100,1500
9020132,武功精英-132,-1,1,hurt,1,91,,0,1,0,,7,2000,1000,0,1,,,2,,,100,1500
9020133,武功精英-133,-1,1,hurt,1,91,,0,1,0,,7,2000,1000,0,1,,,2,,,100,1500
9020134,武功精英-134,-1,1,hurt,1,91,,0,1,0,,7,2000,1000,0,1,,,2,,,100,1500
9020135,武功精英-135,-1,1,hurt,1,91,,0,1,0,,7,2000,1000,0,1,,,2,,,100,1500
9020136,武功精英-136,-1,1,hurt,1,91,,0,1,0,,7,2000,1000,0,1,,,2,,,100,1500
9020137,武功精英-137,-1,1,hurt,1,91,,0,1,0,,7,2000,1000,0,1,,,2,,,100,1500
9020138,武功精英-138,-1,1,hurt,1,91,,0,1,0,,7,2000,1000,0,1,,,2,,,100,1500
9020139,武功精英-139,-1,1,hurt,1,91,,0,1,0,,7,2000,1000,0,1,,,2,,,100,1500
9020140,武功精英-140,-1,1,hurt,1,91,,0,1,0,,7,2000,1000,0,1,,,2,,,100,1500
9030085,武功BOSS-85,-1,1,hurt,1,91,,0,1,0,,7,2000,1000,0,1,,,2,,,100,1500
9030090,武功BOSS-90,-1,1,hurt,1,91,,0,1,0,,7,2000,1000,0,1,,,2,,,100,1500
9030095,武功BOSS-95,-1,1,hurt,1,91,,0,1,0,,7,2000,1000,0,1,,,2,,,100,1500
9030100,武功BOSS-100,-1,1,hurt,1,91,,0,1,0,,7,2000,1000,0,1,,,2,,,100,1500
9030105,武功BOSS-105,-1,1,hurt,1,91,,0,1,0,,7,2000,1000,0,1,,,2,,,100,1500
9030110,武功BOSS-110,-1,1,hurt,1,91,,0,1,0,,7,2000,1000,0,1,,,2,,,100,1500
9030115,武功BOSS-115,-1,1,hurt,1,91,,0,1,0,,7,2000,1000,0,1,,,2,,,100,1500
9030120,武功BOSS-120,-1,1,hurt,1,91,,0,1,0,,7,2000,1000,0,1,,,2,,,100,1500
9030125,武功BOSS-125,-1,1,hurt,1,91,,0,1,0,,7,2000,1000,0,1,,,2,,,100,1500
9030130,武功BOSS-130,-1,1,hurt,1,91,,0,1,0,,7,2000,1000,0,1,,,2,,,100,1500
9030135,武功BOSS-135,-1,1,hurt,1,91,,0,1,0,,7,2000,1000,0,1,,,2,,,100,1500
9030140,武功BOSS-140,-1,1,hurt,1,91,,0,1,0,,7,2000,1000,0,1,,,2,,,100,1500
9030145,武功BOSS-145,-1,1,hurt,1,91,,0,1,0,,7,2000,1000,0,1,,,2,,,100,1500
9030150,武功BOSS-150,-1,1,hurt,1,91,,0,1,0,,7,2000,1000,0,1,,,2,,,100,1500
9040101,世外小怪1,-1,1,hurt,1,91,,0,1,0,,7,2000,1000,0,1,,,2,,,100,1500
9040102,世外小怪2,-1,1,hurt,1,91,,0,1,0,,7,2000,1000,0,1,,,2,,,100,1500
9040103,世外小怪3,-1,1,hurt,1,91,,0,1,0,,7,2000,1000,0,1,,,2,,,100,1500
9040104,世外小怪4,-1,1,hurt,1,91,,0,1,0,,7,2000,1000,0,1,,,2,,,100,1500
9040105,世外小怪5,-1,1,hurt,1,91,,0,1,0,,7,2000,1000,0,1,,,2,,,100,1500
9040106,世外小怪6,-1,1,hurt,1,91,,0,1,0,,7,2000,1000,0,1,,,2,,,100,1500
9040107,世外小怪7,-1,1,hurt,1,91,,0,1,0,,7,2000,1000,0,1,,,2,,,100,1500
9040108,世外小怪8,-1,1,hurt,1,91,,0,1,0,,7,2000,1000,0,1,,,2,,,100,1500
9040109,世外小怪9,-1,1,hurt,1,91,,0,1,0,,7,2000,1000,0,1,,,2,,,100,1500
9040110,世外小怪10,-1,1,hurt,1,91,,0,1,0,,7,2000,1000,0,1,,,2,,,100,1500
9040111,世外小怪11,-1,1,hurt,1,91,,0,1,0,,7,2000,1000,0,1,,,2,,,100,1500
9040112,世外小怪12,-1,1,hurt,1,91,,0,1,0,,7,2000,1000,0,1,,,2,,,100,1500
9040113,世外小怪13,-1,1,hurt,1,91,,0,1,0,,7,2000,1000,0,1,,,2,,,100,1500
9040114,世外小怪14,-1,1,hurt,1,91,,0,1,0,,7,2000,1000,0,1,,,2,,,100,1500
9040115,世外小怪15,-1,1,hurt,1,91,,0,1,0,,7,2000,1000,0,1,,,2,,,100,1500
9040116,世外小怪16,-1,1,hurt,1,91,,0,1,0,,7,2000,1000,0,1,,,2,,,100,1500
9040117,世外小怪17,-1,1,hurt,1,91,,0,1,0,,7,2000,1000,0,1,,,2,,,100,1500
9040118,世外小怪18,-1,1,hurt,1,91,,0,1,0,,7,2000,1000,0,1,,,2,,,100,1500
9040119,世外小怪19,-1,1,hurt,1,91,,0,1,0,,7,2000,1000,0,1,,,2,,,100,1500
9040120,世外小怪20,-1,1,hurt,1,91,,0,1,0,,7,2000,1000,0,1,,,2,,,100,1500
9040121,世外小怪21,-1,1,hurt,1,91,,0,1,0,,7,2000,1000,0,1,,,2,,,100,1500
9040122,世外小怪22,-1,1,hurt,1,91,,0,1,0,,7,2000,1000,0,1,,,2,,,100,1500
9040123,世外小怪23,-1,1,hurt,1,91,,0,1,0,,7,2000,1000,0,1,,,2,,,100,1500
9040124,世外小怪24,-1,1,hurt,1,91,,0,1,0,,7,2000,1000,0,1,,,2,,,100,1500
9040125,世外小怪25,-1,1,hurt,1,91,,0,1,0,,7,2000,1000,0,1,,,2,,,100,1500
9040126,世外小怪26,-1,1,hurt,1,91,,0,1,0,,7,2000,1000,0,1,,,2,,,100,1500
9040127,世外小怪27,-1,1,hurt,1,91,,0,1,0,,7,2000,1000,0,1,,,2,,,100,1500
9040128,世外小怪28,-1,1,hurt,1,91,,0,1,0,,7,2000,1000,0,1,,,2,,,100,1500
9040129,世外小怪29,-1,1,hurt,1,91,,0,1,0,,7,2000,1000,0,1,,,2,,,100,1500
9040130,世外小怪30,-1,1,hurt,1,91,,0,1,0,,7,2000,1000,0,1,,,2,,,100,1500
9040131,世外小怪31,-1,1,hurt,1,91,,0,1,0,,7,2000,1000,0,1,,,2,,,100,1500
9040132,世外小怪32,-1,1,hurt,1,91,,0,1,0,,7,2000,1000,0,1,,,2,,,100,1500
9040133,世外小怪33,-1,1,hurt,1,91,,0,1,0,,7,2000,1000,0,1,,,2,,,100,1500
9040134,世外小怪34,-1,1,hurt,1,91,,0,1,0,,7,2000,1000,0,1,,,2,,,100,1500
9040135,世外小怪35,-1,1,hurt,1,91,,0,1,0,,7,2000,1000,0,1,,,2,,,100,1500
9040136,世外小怪36,-1,1,hurt,1,91,,0,1,0,,7,2000,1000,0,1,,,2,,,100,1500
9040137,世外小怪37,-1,1,hurt,1,91,,0,1,0,,7,2000,1000,0,1,,,2,,,100,1500
9040138,世外小怪38,-1,1,hurt,1,91,,0,1,0,,7,2000,1000,0,1,,,2,,,100,1500
9040139,世外小怪39,-1,1,hurt,1,91,,0,1,0,,7,2000,1000,0,1,,,2,,,100,1500
9040140,世外小怪40,-1,1,hurt,1,91,,0,1,0,,7,2000,1000,0,1,,,2,,,100,1500
9040141,世外小怪41,-1,1,hurt,1,91,,0,1,0,,7,2000,1000,0,1,,,2,,,100,1500
9040142,世外小怪42,-1,1,hurt,1,91,,0,1,0,,7,2000,1000,0,1,,,2,,,100,1500
9040143,世外小怪43,-1,1,hurt,1,91,,0,1,0,,7,2000,1000,0,1,,,2,,,100,1500
9040144,世外小怪44,-1,1,hurt,1,91,,0,1,0,,7,2000,1000,0,1,,,2,,,100,1500
9040145,世外小怪45,-1,1,hurt,1,91,,0,1,0,,7,2000,1000,0,1,,,2,,,100,1500
9040146,世外小怪46,-1,1,hurt,1,91,,0,1,0,,7,2000,1000,0,1,,,2,,,100,1500
9040147,世外小怪47,-1,1,hurt,1,91,,0,1,0,,7,2000,1000,0,1,,,2,,,100,1500
9040148,世外小怪48,-1,1,hurt,1,91,,0,1,0,,7,2000,1000,0,1,,,2,,,100,1500
9040149,世外小怪49,-1,1,hurt,1,91,,0,1,0,,7,2000,1000,0,1,,,2,,,100,1500
9040150,世外小怪50,-1,1,hurt,1,91,,0,1,0,,7,2000,1000,0,1,,,2,,,100,1500
9041101,世外精英1,-1,1,hurt,1,91,,0,1,0,,7,2000,1000,0,1,,,2,,,100,1500
9041102,世外精英2,-1,1,hurt,1,91,,0,1,0,,7,2000,1000,0,1,,,2,,,100,1500
9041103,世外精英3,-1,1,hurt,1,91,,0,1,0,,7,2000,1000,0,1,,,2,,,100,1500
9041104,世外精英4,-1,1,hurt,1,91,,0,1,0,,7,2000,1000,0,1,,,2,,,100,1500
9041105,世外精英5,-1,1,hurt,1,91,,0,1,0,,7,2000,1000,0,1,,,2,,,100,1500
9041106,世外精英6,-1,1,hurt,1,91,,0,1,0,,7,2000,1000,0,1,,,2,,,100,1500
9041107,世外精英7,-1,1,hurt,1,91,,0,1,0,,7,2000,1000,0,1,,,2,,,100,1500
9041108,世外精英8,-1,1,hurt,1,91,,0,1,0,,7,2000,1000,0,1,,,2,,,100,1500
9041109,世外精英9,-1,1,hurt,1,91,,0,1,0,,7,2000,1000,0,1,,,2,,,100,1500
9041110,世外精英10,-1,1,hurt,1,91,,0,1,0,,7,2000,1000,0,1,,,2,,,100,1500
9041111,世外精英11,-1,1,hurt,1,91,,0,1,0,,7,2000,1000,0,1,,,2,,,100,1500
9041112,世外精英12,-1,1,hurt,1,91,,0,1,0,,7,2000,1000,0,1,,,2,,,100,1500
9041113,世外精英13,-1,1,hurt,1,91,,0,1,0,,7,2000,1000,0,1,,,2,,,100,1500
9041114,世外精英14,-1,1,hurt,1,91,,0,1,0,,7,2000,1000,0,1,,,2,,,100,1500
9041115,世外精英15,-1,1,hurt,1,91,,0,1,0,,7,2000,1000,0,1,,,2,,,100,1500
9041116,世外精英16,-1,1,hurt,1,91,,0,1,0,,7,2000,1000,0,1,,,2,,,100,1500
9041117,世外精英17,-1,1,hurt,1,91,,0,1,0,,7,2000,1000,0,1,,,2,,,100,1500
9041118,世外精英18,-1,1,hurt,1,91,,0,1,0,,7,2000,1000,0,1,,,2,,,100,1500
9041119,世外精英19,-1,1,hurt,1,91,,0,1,0,,7,2000,1000,0,1,,,2,,,100,1500
9041120,世外精英20,-1,1,hurt,1,91,,0,1,0,,7,2000,1000,0,1,,,2,,,100,1500
9041121,世外精英21,-1,1,hurt,1,91,,0,1,0,,7,2000,1000,0,1,,,2,,,100,1500
9041122,世外精英22,-1,1,hurt,1,91,,0,1,0,,7,2000,1000,0,1,,,2,,,100,1500
9041123,世外精英23,-1,1,hurt,1,91,,0,1,0,,7,2000,1000,0,1,,,2,,,100,1500
9041124,世外精英24,-1,1,hurt,1,91,,0,1,0,,7,2000,1000,0,1,,,2,,,100,1500
9041125,世外精英25,-1,1,hurt,1,91,,0,1,0,,7,2000,1000,0,1,,,2,,,100,1500
9041126,世外精英26,-1,1,hurt,1,91,,0,1,0,,7,2000,1000,0,1,,,2,,,100,1500
9041127,世外精英27,-1,1,hurt,1,91,,0,1,0,,7,2000,1000,0,1,,,2,,,100,1500
9041128,世外精英28,-1,1,hurt,1,91,,0,1,0,,7,2000,1000,0,1,,,2,,,100,1500
9041129,世外精英29,-1,1,hurt,1,91,,0,1,0,,7,2000,1000,0,1,,,2,,,100,1500
9041130,世外精英30,-1,1,hurt,1,91,,0,1,0,,7,2000,1000,0,1,,,2,,,100,1500
9041131,世外精英31,-1,1,hurt,1,91,,0,1,0,,7,2000,1000,0,1,,,2,,,100,1500
9041132,世外精英32,-1,1,hurt,1,91,,0,1,0,,7,2000,1000,0,1,,,2,,,100,1500
9041133,世外精英33,-1,1,hurt,1,91,,0,1,0,,7,2000,1000,0,1,,,2,,,100,1500
9041134,世外精英34,-1,1,hurt,1,91,,0,1,0,,7,2000,1000,0,1,,,2,,,100,1500
9041135,世外精英35,-1,1,hurt,1,91,,0,1,0,,7,2000,1000,0,1,,,2,,,100,1500
9041136,世外精英36,-1,1,hurt,1,91,,0,1,0,,7,2000,1000,0,1,,,2,,,100,1500
9041137,世外精英37,-1,1,hurt,1,91,,0,1,0,,7,2000,1000,0,1,,,2,,,100,1500
9041138,世外精英38,-1,1,hurt,1,91,,0,1,0,,7,2000,1000,0,1,,,2,,,100,1500
9041139,世外精英39,-1,1,hurt,1,91,,0,1,0,,7,2000,1000,0,1,,,2,,,100,1500
9041140,世外精英40,-1,1,hurt,1,91,,0,1,0,,7,2000,1000,0,1,,,2,,,100,1500
9041141,世外精英41,-1,1,hurt,1,91,,0,1,0,,7,2000,1000,0,1,,,2,,,100,1500
9041142,世外精英42,-1,1,hurt,1,91,,0,1,0,,7,2000,1000,0,1,,,2,,,100,1500
9041143,世外精英43,-1,1,hurt,1,91,,0,1,0,,7,2000,1000,0,1,,,2,,,100,1500
9041144,世外精英44,-1,1,hurt,1,91,,0,1,0,,7,2000,1000,0,1,,,2,,,100,1500
9041145,世外精英45,-1,1,hurt,1,91,,0,1,0,,7,2000,1000,0,1,,,2,,,100,1500
9041146,世外精英46,-1,1,hurt,1,91,,0,1,0,,7,2000,1000,0,1,,,2,,,100,1500
9041147,世外精英47,-1,1,hurt,1,91,,0,1,0,,7,2000,1000,0,1,,,2,,,100,1500
9041148,世外精英48,-1,1,hurt,1,91,,0,1,0,,7,2000,1000,0,1,,,2,,,100,1500
9041149,世外精英49,-1,1,hurt,1,91,,0,1,0,,7,2000,1000,0,1,,,2,,,100,1500
9041150,世外精英50,-1,1,hurt,1,91,,0,1,0,,7,2000,1000,0,1,,,2,,,100,1500
9042105,世外boss一层1,-1,1,hurt,1,91,,0,1,0,,7,2000,1000,0,1,,,2,,,100,1500
9042110,世外boss一层2,-1,1,hurt,1,91,,0,1,0,,7,2000,1000,0,1,,,2,,,100,1500
9042115,世外boss二层1,-1,1,hurt,1,91,,0,1,0,,7,2000,1000,0,1,,,2,,,100,1500
9042120,世外boss二层2,-1,1,hurt,1,91,,0,1,0,,7,2000,1000,0,1,,,2,,,100,1500
9042125,世外boss三层1,-1,1,hurt,1,91,,0,1,0,,7,2000,1000,0,1,,,2,,,100,1500
9042130,世外boss三层2,-1,1,hurt,1,91,,0,1,0,,7,2000,1000,0,1,,,2,,,100,1500
9042135,世外boss四层1,-1,1,hurt,1,91,,0,1,0,,7,2000,1000,0,1,,,2,,,100,1500
9042140,世外boss四层2,-1,1,hurt,1,91,,0,1,0,,7,2000,1000,0,1,,,2,,,100,1500
9042145,世外boss五层1,-1,1,hurt,1,91,,0,1,0,,7,2000,1000,0,1,,,2,,,100,1500
9042150,世外boss五层2,-1,1,hurt,1,91,,0,1,0,,7,2000,1000,0,1,,,2,,,100,1500
9043001,神兵塔boss1,-1,1,hurt,1,91,,0,1,0,,7,2000,1000,0,1,,,2,,,100,1500
9043002,神兵塔boss2,-1,1,hurt,1,91,,0,1,0,,7,2000,1000,0,1,,,2,,,100,1500
9043003,神兵塔boss3,-1,1,hurt,1,91,,0,1,0,,7,2000,1000,0,1,,,2,,,100,1500
9043004,神兵塔boss4,-1,1,hurt,1,91,,0,1,0,,7,2000,1000,0,1,,,2,,,100,1500
9043005,神兵塔boss5,-1,1,hurt,1,91,,0,1,0,,7,2000,1000,0,1,,,2,,,100,1500
9043006,神兵塔boss6,-1,1,hurt,1,91,,0,1,0,,7,2000,1000,0,1,,,2,,,100,1500
9043007,神兵塔boss7,-1,1,hurt,1,91,,0,1,0,,7,2000,1000,0,1,,,2,,,100,1500
9043008,神兵塔boss8,-1,1,hurt,1,91,,0,1,0,,7,2000,1000,0,1,,,2,,,100,1500
9043009,神兵塔boss9,-1,1,hurt,1,91,,0,1,0,,7,2000,1000,0,1,,,2,,,100,1500
9043010,神兵塔boss10,-1,1,hurt,1,91,,0,1,0,,7,2000,1000,0,1,,,2,,,100,1500
9043011,神兵塔boss11,-1,1,hurt,1,91,,0,1,0,,7,2000,1000,0,1,,,2,,,100,1500
9043012,神兵塔boss12,-1,1,hurt,1,91,,0,1,0,,7,2000,1000,0,1,,,2,,,100,1500
9043013,神兵塔boss13,-1,1,hurt,1,91,,0,1,0,,7,2000,1000,0,1,,,2,,,100,1500
9043014,神兵塔boss14,-1,1,hurt,1,91,,0,1,0,,7,2000,1000,0,1,,,2,,,100,1500
9043015,神兵塔boss15,-1,1,hurt,1,91,,0,1,0,,7,2000,1000,0,1,,,2,,,100,1500
9043016,神兵塔boss16,-1,1,hurt,1,91,,0,1,0,,7,2000,1000,0,1,,,2,,,100,1500
9043017,神兵塔boss17,-1,1,hurt,1,91,,0,1,0,,7,2000,1000,0,1,,,2,,,100,1500
9043018,神兵塔boss18,-1,1,hurt,1,91,,0,1,0,,7,2000,1000,0,1,,,2,,,100,1500
9043019,神兵塔boss19,-1,1,hurt,1,91,,0,1,0,,7,2000,1000,0,1,,,2,,,100,1500
9043020,神兵塔boss20,-1,1,hurt,1,91,,0,1,0,,7,2000,1000,0,1,,,2,,,100,1500
9043021,神兵塔boss21,-1,1,hurt,1,91,,0,1,0,,7,2000,1000,0,1,,,2,,,100,1500
9043022,神兵塔boss22,-1,1,hurt,1,91,,0,1,0,,7,2000,1000,0,1,,,2,,,100,1500
9043023,神兵塔boss23,-1,1,hurt,1,91,,0,1,0,,7,2000,1000,0,1,,,2,,,100,1500
9043024,神兵塔boss24,-1,1,hurt,1,91,,0,1,0,,7,2000,1000,0,1,,,2,,,100,1500
9043025,神兵塔boss25,-1,1,hurt,1,91,,0,1,0,,7,2000,1000,0,1,,,2,,,100,1500
9043026,神兵塔boss26,-1,1,hurt,1,91,,0,1,0,,7,2000,1000,0,1,,,2,,,100,1500
9043027,神兵塔boss27,-1,1,hurt,1,91,,0,1,0,,7,2000,1000,0,1,,,2,,,100,1500
9043028,神兵塔boss28,-1,1,hurt,1,91,,0,1,0,,7,2000,1000,0,1,,,2,,,100,1500
9043029,神兵塔boss29,-1,1,hurt,1,91,,0,1,0,,7,2000,1000,0,1,,,2,,,100,1500
9043030,神兵塔boss30,-1,1,hurt,1,91,,0,1,0,,7,2000,1000,0,1,,,2,,,100,1500
9043031,神兵塔boss31,-1,1,hurt,1,91,,0,1,0,,7,2000,1000,0,1,,,2,,,100,1500
9043032,神兵塔boss32,-1,1,hurt,1,91,,0,1,0,,7,2000,1000,0,1,,,2,,,100,1500
9043033,神兵塔boss33,-1,1,hurt,1,91,,0,1,0,,7,2000,1000,0,1,,,2,,,100,1500
9043034,神兵塔boss34,-1,1,hurt,1,91,,0,1,0,,7,2000,1000,0,1,,,2,,,100,1500
9043035,神兵塔boss35,-1,1,hurt,1,91,,0,1,0,,7,2000,1000,0,1,,,2,,,100,1500
9043036,神兵塔boss36,-1,1,hurt,1,91,,0,1,0,,7,2000,1000,0,1,,,2,,,100,1500
9043037,神兵塔boss37,-1,1,hurt,1,91,,0,1,0,,7,2000,1000,0,1,,,2,,,100,1500
9043038,神兵塔boss38,-1,1,hurt,1,91,,0,1,0,,7,2000,1000,0,1,,,2,,,100,1500
9043039,神兵塔boss39,-1,1,hurt,1,91,,0,1,0,,7,2000,1000,0,1,,,2,,,100,1500
9043040,神兵塔boss40,-1,1,hurt,1,91,,0,1,0,,7,2000,1000,0,1,,,2,,,100,1500
9043041,神兵塔boss41,-1,1,hurt,1,91,,0,1,0,,7,2000,1000,0,1,,,2,,,100,1500
9043042,神兵塔boss42,-1,1,hurt,1,91,,0,1,0,,7,2000,1000,0,1,,,2,,,100,1500
9043043,神兵塔boss43,-1,1,hurt,1,91,,0,1,0,,7,2000,1000,0,1,,,2,,,100,1500
9043044,神兵塔boss44,-1,1,hurt,1,91,,0,1,0,,7,2000,1000,0,1,,,2,,,100,1500
9043045,神兵塔boss45,-1,1,hurt,1,91,,0,1,0,,7,2000,1000,0,1,,,2,,,100,1500
9043046,神兵塔boss46,-1,1,hurt,1,91,,0,1,0,,7,2000,1000,0,1,,,2,,,100,1500
9043047,神兵塔boss47,-1,1,hurt,1,91,,0,1,0,,7,2000,1000,0,1,,,2,,,100,1500
9043048,神兵塔boss48,-1,1,hurt,1,91,,0,1,0,,7,2000,1000,0,1,,,2,,,100,1500
9043049,神兵塔boss49,-1,1,hurt,1,91,,0,1,0,,7,2000,1000,0,1,,,2,,,100,1500
9043050,神兵塔boss50,-1,1,hurt,1,91,,0,1,0,,7,2000,1000,0,1,,,2,,,100,1500
9043051,神兵塔boss51,-1,1,hurt,1,91,,0,1,0,,7,2000,1000,0,1,,,2,,,100,1500
9043052,神兵塔boss52,-1,1,hurt,1,91,,0,1,0,,7,2000,1000,0,1,,,2,,,100,1500
9043053,神兵塔boss53,-1,1,hurt,1,91,,0,1,0,,7,2000,1000,0,1,,,2,,,100,1500
9043054,神兵塔boss54,-1,1,hurt,1,91,,0,1,0,,7,2000,1000,0,1,,,2,,,100,1500
9043055,神兵塔boss55,-1,1,hurt,1,91,,0,1,0,,7,2000,1000,0,1,,,2,,,100,1500
9043056,神兵塔boss56,-1,1,hurt,1,91,,0,1,0,,7,2000,1000,0,1,,,2,,,100,1500
9043057,神兵塔boss57,-1,1,hurt,1,91,,0,1,0,,7,2000,1000,0,1,,,2,,,100,1500
9043058,神兵塔boss58,-1,1,hurt,1,91,,0,1,0,,7,2000,1000,0,1,,,2,,,100,1500
9043059,神兵塔boss59,-1,1,hurt,1,91,,0,1,0,,7,2000,1000,0,1,,,2,,,100,1500
9043060,神兵塔boss60,-1,1,hurt,1,91,,0,1,0,,7,2000,1000,0,1,,,2,,,100,1500
9043061,神兵塔boss61,-1,1,hurt,1,91,,0,1,0,,7,2000,1000,0,1,,,2,,,100,1500
9043062,神兵塔boss62,-1,1,hurt,1,91,,0,1,0,,7,2000,1000,0,1,,,2,,,100,1500
9043063,神兵塔boss63,-1,1,hurt,1,91,,0,1,0,,7,2000,1000,0,1,,,2,,,100,1500
9043064,神兵塔boss64,-1,1,hurt,1,91,,0,1,0,,7,2000,1000,0,1,,,2,,,100,1500
9043065,神兵塔boss65,-1,1,hurt,1,91,,0,1,0,,7,2000,1000,0,1,,,2,,,100,1500
9043066,神兵塔boss66,-1,1,hurt,1,91,,0,1,0,,7,2000,1000,0,1,,,2,,,100,1500
9043067,神兵塔boss67,-1,1,hurt,1,91,,0,1,0,,7,2000,1000,0,1,,,2,,,100,1500
9043068,神兵塔boss68,-1,1,hurt,1,91,,0,1,0,,7,2000,1000,0,1,,,2,,,100,1500
9043069,神兵塔boss69,-1,1,hurt,1,91,,0,1,0,,7,2000,1000,0,1,,,2,,,100,1500
9043070,神兵塔boss70,-1,1,hurt,1,91,,0,1,0,,7,2000,1000,0,1,,,2,,,100,1500
9043071,神兵塔boss71,-1,1,hurt,1,91,,0,1,0,,7,2000,1000,0,1,,,2,,,100,1500
9043072,神兵塔boss72,-1,1,hurt,1,91,,0,1,0,,7,2000,1000,0,1,,,2,,,100,1500
9043073,神兵塔boss73,-1,1,hurt,1,91,,0,1,0,,7,2000,1000,0,1,,,2,,,100,1500
9043074,神兵塔boss74,-1,1,hurt,1,91,,0,1,0,,7,2000,1000,0,1,,,2,,,100,1500
9043075,神兵塔boss75,-1,1,hurt,1,91,,0,1,0,,7,2000,1000,0,1,,,2,,,100,1500
9043076,神兵塔boss76,-1,1,hurt,1,91,,0,1,0,,7,2000,1000,0,1,,,2,,,100,1500
9043077,神兵塔boss77,-1,1,hurt,1,91,,0,1,0,,7,2000,1000,0,1,,,2,,,100,1500
9043078,神兵塔boss78,-1,1,hurt,1,91,,0,1,0,,7,2000,1000,0,1,,,2,,,100,1500
9043079,神兵塔boss79,-1,1,hurt,1,91,,0,1,0,,7,2000,1000,0,1,,,2,,,100,1500
9043080,神兵塔boss80,-1,1,hurt,1,91,,0,1,0,,7,2000,1000,0,1,,,2,,,100,1500
9043081,神兵塔boss81,-1,1,hurt,1,91,,0,1,0,,7,2000,1000,0,1,,,2,,,100,1500
9043082,神兵塔boss82,-1,1,hurt,1,91,,0,1,0,,7,2000,1000,0,1,,,2,,,100,1500
9043083,神兵塔boss83,-1,1,hurt,1,91,,0,1,0,,7,2000,1000,0,1,,,2,,,100,1500
9043084,神兵塔boss84,-1,1,hurt,1,91,,0,1,0,,7,2000,1000,0,1,,,2,,,100,1500
9043085,神兵塔boss85,-1,1,hurt,1,91,,0,1,0,,7,2000,1000,0,1,,,2,,,100,1500
9043086,神兵塔boss86,-1,1,hurt,1,91,,0,1,0,,7,2000,1000,0,1,,,2,,,100,1500
9043087,神兵塔boss87,-1,1,hurt,1,91,,0,1,0,,7,2000,1000,0,1,,,2,,,100,1500
9043088,神兵塔boss88,-1,1,hurt,1,91,,0,1,0,,7,2000,1000,0,1,,,2,,,100,1500
9043089,神兵塔boss89,-1,1,hurt,1,91,,0,1,0,,7,2000,1000,0,1,,,2,,,100,1500
9043090,神兵塔boss90,-1,1,hurt,1,91,,0,1,0,,7,2000,1000,0,1,,,2,,,100,1500
9043091,神兵塔boss91,-1,1,hurt,1,91,,0,1,0,,7,2000,1000,0,1,,,2,,,100,1500
9043092,神兵塔boss92,-1,1,hurt,1,91,,0,1,0,,7,2000,1000,0,1,,,2,,,100,1500
9043093,神兵塔boss93,-1,1,hurt,1,91,,0,1,0,,7,2000,1000,0,1,,,2,,,100,1500
9043094,神兵塔boss94,-1,1,hurt,1,91,,0,1,0,,7,2000,1000,0,1,,,2,,,100,1500
9043095,神兵塔boss95,-1,1,hurt,1,91,,0,1,0,,7,2000,1000,0,1,,,2,,,100,1500
9043096,神兵塔boss96,-1,1,hurt,1,91,,0,1,0,,7,2000,1000,0,1,,,2,,,100,1500
9043097,神兵塔boss97,-1,1,hurt,1,91,,0,1,0,,7,2000,1000,0,1,,,2,,,100,1500
9043098,神兵塔boss98,-1,1,hurt,1,91,,0,1,0,,7,2000,1000,0,1,,,2,,,100,1500
9043099,神兵塔boss99,-1,1,hurt,1,91,,0,1,0,,7,2000,1000,0,1,,,2,,,100,1500
9043100,神兵塔boss100,-1,1,hurt,1,91,,0,1,0,,7,2000,1000,0,1,,,2,,,100,1500
90062,巨人撩砍,-1,1,hurt,1,91,,0,1,0,,7,3000,3000,0,1,,,1,,,100,
90071,毒虫攻击（中毒）,-1,1,hurt,2,91,,0,1,0,,7,3000,3000,0,1,2004002,,1,,,100,
90072,毒虫攻击（中毒）,-1,1,hurt,2,91,,0,1,0,,7,3000,3000,0,1,2004002,,1,,,100,
90081,幽灵攻击,-1,1,hurt,1,91,,0,1,0,,7,3000,3000,0,1,,,1,,,100,
90082,幽灵攻击,-1,1,hurt,1,91,,0,1,0,,7,3000,3000,0,1,,,1,,,100,
90091,地狱蜘蛛真空波（特效）,-1,1,hurt,1,91,,0,1,0,,7,3000,3000,0,1,,,3,,,100,
90092,地狱蜘蛛真空波（特效）,-1,1,hurt,1,91,,0,1,0,,7,3000,3000,0,1,,,3,,,100,
90101,蜘蛛攻击,-1,1,hurt,1,91,,0,1,0,,7,3000,3000,0,1,,,1,,,100,
90102,蜘蛛攻击,-1,1,hurt,1,91,,0,1,0,,7,3000,3000,0,1,,,1,,,100,
90111,独眼巨人挥砍,-1,1,hurt,1,91,,0,1,0,,7,3000,3000,0,1,,,1,,,100,
90112,独眼巨人侧劈,-1,1,hurt,1,91,,0,1,0,,7,3000,3000,0,1,,,1,,,100,
90121,魔鬼戈登龙卷风,-1,1,hurt,1,91,,0,1,1,9100,7,3000,3000,0,99,,,4,,,100,
90122,魔鬼戈登闪电链,-1,1,hurt,1,91,,0,1,0,,7,3000,3000,0,1,,,4,,,100,
90131,雪人双手扔球（子弹）,-1,1,hurt,1,91,,0,1,0,,7,3000,3000,0,1,,,3,,,100,
90132,雪人单手扔球（子弹）,-1,1,hurt,1,91,,0,1,0,,7,3000,3000,0,1,,,3,,,100,
90141,雪人王攻击,-1,1,hurt,1,91,,0,1,0,,7,3000,3000,0,1,,,1,,,100,
90142,雪人王攻击,-1,1,hurt,1,91,,0,1,0,,7,3000,3000,0,1,,,1,,,100,
90151,暗杀者双手攻击,-1,1,hurt,1,91,,0,1,0,,7,3000,3000,0,1,,,1,,,100,
90152,暗杀者单手攻击,-1,1,hurt,1,91,,0,1,0,,7,3000,3000,0,1,,,1,,,100,
90161,寒冰魔攻击（冰冻）,-1,1,hurt,1,91,,0,1,0,,7,3000,3000,0,1,,,2,,,100,
90162,寒冰魔攻击（冰冻）,-1,1,hurt,1,91,,0,1,0,,7,3000,3000,0,1,,,2,,,100,
90171,蓝魔怪侧劈,-1,1,hurt,1,91,,0,1,0,,7,3000,3000,0,1,,,1,,,100,
90172,蓝魔怪重击,-1,1,hurt,1,91,,0,1,0,,7,3000,3000,0,1,,,1,,,100,
90181,雪虫攻击,-1,1,hurt,1,91,,0,1,0,,7,3000,3000,0,1,,,1,,,100,
90182,雪虫攻击,-1,1,hurt,1,91,,0,1,0,,7,3000,3000,0,1,,,1,,,100,
90191,冰后三重真空波（特效）,-1,1,hurt,1,91,,0,1,1,9101,7,3000,3000,0,99,,,5,,,100,
90192,冰后三重真空波（特效）,-1,1,hurt,1,91,,0,1,1,9101,7,3000,3000,0,99,,,5,,,100,
90201,小哥布林劈砍,-1,1,hurt,1,91,,0,1,0,,7,3000,3000,0,1,,,2,,,100,
90202,小哥布林侧劈,-1,1,hurt,1,91,,0,1,0,,7,3000,3000,0,1,,,2,,,100,
90203,大哥布林劈砍,-1,1,hurt,1,91,,0,1,0,,7,2000,2000,0,1,,,2,,,100,
90204,大哥布林侧劈,-1,1,hurt,1,91,,0,1,0,,7,3000,3000,0,1,,,2,,,100,
90211,勾尾蝎攻击,-1,1,hurt,1,91,,0,1,0,,7,3000,3000,0,1,,,2,,,100,
90212,勾尾蝎攻击,-1,1,hurt,1,91,,0,1,0,,7,3000,3000,0,1,,,2,,,100,
90221,瓢虫突刺,-1,1,hurt,1,91,,0,1,0,,7,3000,3000,0,1,,,2,,,100,
90222,瓢虫突刺,-1,1,hurt,1,91,,0,1,0,,7,3000,3000,0,1,,,2,,,100,
90231,偷猎者射击（子弹）,-1,1,hurt,1,91,,0,1,0,,7,3000,3000,0,1,,,3,,,100,
90232,偷猎者射击（子弹）,-1,1,hurt,1,91,,0,1,0,,7,3000,3000,0,1,,,3,,,100,
90241,树妖攻击,-1,1,hurt,1,91,,0,1,0,,7,3000,3000,0,1,,,2,,,100,
90242,树妖攻击,-1,1,hurt,1,91,,0,1,0,,7,3000,3000,0,1,,,2,,,100,
90251,亚昆右手攻击,-1,1,hurt,1,91,,0,1,0,,7,3000,3000,0,1,,,2,,,100,
90252,亚昆左手攻击,-1,1,hurt,1,91,,0,1,0,,7,3000,3000,0,1,,,2,,,100,
90261,石巨人凿击,-1,1,hurt,1,91,,0,1,0,,7,3000,3000,0,1,,,2,,,100,
90262,石巨人拳击,-1,1,hurt,1,91,,0,1,0,,7,3000,3000,0,1,,,2,,,100,
90271,恶魔红色掌心雷（未做特效）,-1,1,hurt,1,91,,0,1,0,,7,3000,3000,0,1,,,2,,,100,
90272,恶魔红色掌心雷,-1,1,hurt,1,91,,0,1,0,,7,3000,3000,0,1,,,2,,,100,
90281,魔王巴洛克地裂陨石术,-1,1,hurt,1,91,,0,1,1,9105,7,3000,3000,0,99,,,5,,,100,
90282,魔王巴洛克劈砍,-1,1,hurt,1,91,,0,1,1,9105,7,3000,3000,0,99,,,5,,,100,
90291,鬼魅攻击,-1,1,hurt,1,91,,0,1,0,,7,3000,3000,0,1,,,2,,,100,
90292,鬼魅攻击,-1,1,hurt,1,91,,0,1,0,,7,3000,3000,0,1,,,2,,,100,
90301,死神骑士攻击,-1,1,hurt,1,91,,0,1,0,,7,3000,3000,0,1,,,2,,,100,
90302,死神骑士攻击,-1,1,hurt,1,91,,0,1,0,,7,3000,3000,0,1,,,2,,,100,
90311,牛魔王砸,-1,1,hurt,1,91,,0,1,0,,7,3000,3000,0,1,,,2,,,100,
90312,牛魔王摇头,-1,1,hurt,1,91,,0,1,0,,7,3000,3000,0,1,,,2,,,100,
90321,火龙王喷火,-1,1,hurt,1,91,,0,1,1,9100,7,3000,3000,0,99,,,5,,,100,
90322,火龙王摇头,-1,1,hurt,1,91,,0,1,1,9103,7,3000,3000,0,99,,,2,,,100,
90323,火龙王飞行,-1,1,hurt,1,91,,0,1,0,,7,3000,3000,0,1,,,2,,,100,
90331,守护兽巴里右勾拳,-1,1,hurt,1,91,,0,1,0,,7,3000,3000,0,1,,,2,,,100,
90332,守护兽巴里左勾拳,-1,1,hurt,1,91,,0,1,0,,7,3000,3000,0,1,,,2,,,100,
90333,守护兽巴里站立,-1,1,hurt,1,91,,0,1,0,,7,3000,3000,0,1,,,2,,,100,
90334,守护兽巴里侧踢,-1,1,hurt,1,91,,0,1,0,,7,3000,3000,0,1,,,2,,,100,
90341,小巴哈姆特,-1,1,hurt,1,91,,0,1,0,,7,3000,3000,0,1,,,2,,,100,
90342,小巴哈姆特,-1,1,hurt,1,91,,0,1,0,,7,3000,3000,0,1,,,2,,,100,
90343,大巴哈姆特,-1,1,hurt,1,91,,0,1,0,,7,3000,3000,0,1,,,2,,,100,
90344,大巴哈姆特,-1,1,hurt,1,91,,0,1,0,,7,3000,3000,0,1,,,2,,,100,
90351,死亡美人鱼死亡光线,-1,1,hurt,1,91,,0,1,0,,7,3000,3000,0,1,,,4,,,100,
90352,死亡美人鱼死亡光线,-1,1,hurt,1,91,,0,1,0,,7,3000,3000,0,1,,,4,,,100,
90361,蓝翼海怪射击（子弹）,-1,1,hurt,1,91,,0,1,0,,7,3000,3000,0,1,,,3,,,100,
90362,蓝翼海怪射击（子弹）,-1,1,hurt,1,91,,0,1,0,,7,3000,3000,0,1,,,3,,,100,
90363,银弓海怪射击（子弹）,-1,1,hurt,1,91,,0,1,0,,7,3000,3000,0,1,,,3,,,100,
90364,银弓海怪射击（子弹）,-1,1,hurt,1,91,,0,1,0,,7,3000,3000,0,1,,,3,,,100,
90371,巫师王红色密集闪电,-1,1,hurt,1,91,,0,1,0,,7,3000,3000,0,1,,,4,,,100,
90372,巫师王红色密集闪电,-1,1,hurt,1,91,,0,1,0,,7,3000,3000,0,1,,,4,,,100,
90381,海魔希特拉激光炮,-1,1,hurt,1,91,,0,1,1,9100,7,3000,3000,0,99,,,5,,,100,
90382,海魔希特拉范围光柱,-1,1,hurt,1,91,,0,1,1,9104,7,3000,3000,0,99,,,5,,,100,
90391,海虫咬人,-1,1,hurt,1,91,,0,1,0,,7,3000,3000,0,1,,,2,,,100,
90392,海虫咬人,-1,1,hurt,1,91,,0,1,0,,7,3000,3000,0,1,,,2,,,100,
90401,泰坦攻击,-1,1,hurt,1,91,,0,1,0,,7,3000,3000,0,1,,,2,,,100,
90402,泰坦重击,-1,1,hurt,1,91,,0,1,0,,7,3000,3000,0,1,,,2,,,100,
90411,黄金斗士射击（子弹）,-1,1,hurt,1,91,,0,1,0,,7,3000,3000,0,1,,,3,,,100,
90412,黄金斗士射击（子弹）,-1,1,hurt,1,91,,0,1,0,,7,3000,3000,0,1,,,3,,,100,
90421,铁轮战士射击（子弹）,-1,1,hurt,1,91,,0,1,0,,7,3000,3000,0,1,,,3,,,100,
90422,铁轮战士射击（子弹）,-1,1,hurt,1,91,,0,1,0,,7,3000,3000,0,1,,,3,,,100,
90431,破坏骑士震地（特效）,-1,1,hurt,1,91,,0,1,0,,7,3000,3000,0,1,,,3,,,100,
90432,破坏骑士震地（特效）,-1,1,hurt,1,91,,0,1,0,,7,3000,3000,0,1,,,3,,,100,
90433,魔王扎坎震地,-1,1,hurt,1,91,,0,1,1,9103,7,3000,3000,0,99,,,2,,,100,
90434,魔王扎坎飞剑,-1,1,hurt,1,91,,0,1,1,9104,7,3000,3000,0,99,,,5,,,100,
90441,巨齿兽攻击,-1,1,hurt,1,91,,0,1,0,,7,3000,3000,0,1,,,2,,,100,
90442,巨齿兽攻击,-1,1,hurt,1,91,,0,1,0,,7,3000,3000,0,1,,,2,,,100,
90451,黑炎魔转圈火焰黄色闪电链（位移）,-1,1,hurt,1,91,,0,1,0,,7,3000,3000,0,1,,,4,,,100,
90452,黑炎魔转圈火焰黄色闪电链（位移）,-1,1,hurt,1,91,,0,1,0,,7,3000,3000,0,1,,,4,,,100,
90453,炽炎魔转圈火焰,-1,1,hurt,1,91,,0,1,1,9103,7,3000,3000,0,99,,,2,,,100,
90454,炽炎魔冰雹,-1,1,hurt,1,91,,0,1,1,9105,7,3000,3000,0,99,,,5,,,100,
90461,铁脊怪翻滚攻击,-1,1,hurt,1,91,,0,1,0,,7,3000,3000,0,1,,,2,,,100,
90462,铁脊怪翻滚攻击,-1,1,hurt,1,91,,0,1,0,,7,3000,3000,0,1,,,2,,,100,
90471,假面弓手射击（子弹）,-1,1,hurt,1,91,,0,1,0,,7,3000,3000,0,1,,,3,,,100,
90472,假面弓手射击（子弹）,-1,1,hurt,1,91,,0,1,0,,7,3000,3000,0,1,,,3,,,100,
90481,假面武士攻击,-1,1,hurt,1,91,,0,1,0,,7,3000,3000,0,1,,,2,,,100,
90482,假面武士攻击,-1,1,hurt,1,91,,0,1,0,,7,3000,3000,0,1,,,2,,,100,
90491,诅咒之王转圈火焰,-1,1,hurt,1,91,,0,1,0,,7,3000,3000,0,1,,,2,,,100,
90492,诅咒之王红色闪电链,-1,1,hurt,1,91,,0,1,0,,7,3000,3000,0,1,,,4,,,100,
90501,无,-1,1,hurt,1,91,,0,1,0,,7,3000,3000,0,1,,,2,,,100,
90502,无,-1,1,hurt,1,91,,0,1,0,,7,3000,3000,0,1,,,2,,,100,
90511,阿卡摩斯粒子射击（子弹旋转）,-1,1,hurt,1,91,,0,1,0,,7,3000,3000,0,1,,,4,,,100,
90512,阿卡摩斯粒子射击（子弹旋转）,-1,1,hurt,1,91,,0,1,0,,7,3000,3000,0,1,,,4,,,100,
90521,风后天降粒子,-1,1,hurt,1,91,,0,1,0,,7,3000,3000,0,1,,,5,,,100,
90522,风后天降粒子,-1,1,hurt,1,91,,0,1,0,,7,3000,3000,0,1,,,5,,,100,
90531,恶灵转圈火焰,-1,1,hurt,1,91,,0,1,0,,7,3000,3000,0,1,,,2,,,100,
90532,恶灵转圈火焰,-1,1,hurt,1,91,,0,1,0,,7,3000,3000,0,1,,,2,,,100,
90533,恶灵王转圈火焰,-1,1,hurt,1,91,,0,1,0,,7,3000,3000,0,1,,,2,,,100,
90534,恶灵王转圈火焰,-1,1,hurt,1,91,,0,1,0,,7,3000,3000,0,1,,,2,,,100,
90541,幻影骑士劈砍,-1,1,hurt,1,91,,0,1,0,,7,3000,3000,0,1,,,2,,,100,
90542,幻影骑士8方向攻击,-1,1,hurt,1,91,,0,1,1,9102,7,3000,3000,0,99,,,5,,,100,
90551,蓝魔龙喷射,-1,1,hurt,1,91,,0,1,0,,7,3000,3000,0,1,,,2,,,100,
90552,蓝魔龙转圈火焰天降火焰,-1,1,hurt,1,91,,0,1,0,,7,3000,3000,0,1,,,2,,,100,
90553,蓝魔龙喷射,-1,1,hurt,1,91,,0,1,0,,7,3000,3000,0,1,,,2,,,100,
90554,蓝魔龙转圈火焰天降火焰,-1,1,hurt,1,91,,0,1,0,,7,3000,3000,0,1,,,2,,,100,
90561,凤凰攻击,-1,1,hurt,1,91,,0,1,0,,7,3000,3000,0,1,,,2,,,100,
90562,凤凰攻击,-1,1,hurt,1,91,,0,1,0,,7,3000,3000,0,1,,,2,,,100,
90571,天魔菲尼斯扇形火焰,-1,1,hurt,1,91,,0,1,1,9106,7,3000,3000,0,99,,,5,,,100,
90572,天魔菲尼斯闪电链,-1,1,hurt,1,91,,0,1,0,,7,3000,3000,0,1,,,4,,,100,
90581,骷灵骑士攻击,-1,1,hurt,1,91,,0,1,0,,7,3000,3000,0,1,,,2,,,100,
90582,骷灵骑士攻击,-1,1,hurt,1,91,,0,1,0,,7,3000,3000,0,1,,,2,,,100,
90591,骷灵兽喷火,-1,1,hurt,1,91,,0,1,0,,7,3000,3000,0,1,,,2,,,100,
90592,骷灵兽喷火,-1,1,hurt,1,91,,0,1,0,,7,3000,3000,0,1,,,2,,,100,
90601,骷灵战士劈砍,-1,1,hurt,1,91,,0,1,0,,7,3000,3000,0,1,,,2,,,100,
90602,骷灵战士劈砍,-1,1,hurt,1,91,,0,1,0,,7,3000,3000,0,1,,,2,,,100,
90611,无,-1,1,hurt,1,91,,0,1,0,,7,3000,3000,0,1,,,2,,,100,
90612,无,-1,1,hurt,1,91,,0,1,0,,7,3000,3000,0,1,,,2,,,100,
90621,无,-1,1,hurt,1,91,,0,1,0,,7,3000,3000,0,1,,,2,,,100,
90622,无,-1,1,hurt,1,91,,0,1,0,,7,3000,3000,0,1,,,2,,,100,
90631,骷灵巫师转圈火焰陨石术,-1,1,hurt,1,91,,0,1,0,,7,3000,3000,0,1,,,2,,,100,
90632,骷灵巫师红色闪电链（位移）,-1,1,hurt,1,91,,0,1,0,,7,3000,3000,0,1,,,4,,,100,
90641,死亡天使闪电球,-1,1,hurt,1,91,,0,1,0,,7,3000,3000,0,1,,,2,,,100,
90642,死亡天使闪电球,-1,1,hurt,1,91,,0,1,0,,7,3000,3000,0,1,,,2,,,100,
90651,昆顿直线攻击,-1,1,hurt,1,91,,0,1,1,9100,7,3000,3000,0,99,,,5,,,100,
90652,昆顿范围攻击,-1,1,hurt,1,91,,0,1,1,9104,7,3000,3000,0,99,,,5,,,100,
90653,魔王昆顿,-1,1,hurt,1,91,,0,1,1,9101,7,3000,3000,0,99,,,5,,,100,
90654,魔王昆顿,-1,1,hurt,1,91,,0,1,1,9104,7,3000,3000,0,99,,,5,,,100,
90661,龙虾攻击,-1,1,hurt,1,91,,0,1,0,,7,3000,3000,0,1,,,2,,,100,
90662,龙虾闪电球,-1,1,hurt,1,91,,0,1,0,,7,3000,3000,0,1,,,2,,,100,
90671,阿卡斯挥手攻击（拖尾）,-1,1,hurt,1,91,,0,1,0,,7,3000,3000,0,1,,,2,,,100,
90672,阿卡斯双手凿击,-1,1,hurt,1,91,,0,1,0,,7,3000,3000,0,1,,,2,,,100,
90681,武士攻击（拖尾）,-1,1,hurt,1,91,,0,1,0,,7,3000,3000,0,1,,,2,,,100,
90682,武士攻击（拖尾）,-1,1,hurt,1,91,,0,1,0,,7,3000,3000,0,1,,,2,,,100,
90691,暗黑巫师攻击,-1,1,hurt,1,91,,0,1,0,,7,3000,3000,0,1,,,4,,,100,
90692,暗黑巫师毒攻击（中毒）,-1,1,hurt,1,91,,0,1,0,,7,3000,3000,0,1,,,4,,,100,
90701,暗黑傀儡劈砍,-1,1,hurt,1,91,,0,1,0,,7,3000,3000,0,1,,,2,,,100,
90702,暗黑傀儡劈砍,-1,1,hurt,1,91,,0,1,0,,7,3000,3000,0,1,,,2,,,100,
90711,无,-1,1,hurt,1,91,,0,1,0,,7,3000,3000,0,1,,,2,,,100,
90712,无,-1,1,hurt,1,91,,0,1,0,,7,3000,3000,0,1,,,2,,,100,
90721,无,-1,1,hurt,1,91,,0,1,0,,7,3000,3000,0,1,,,2,,,100,
90722,无,-1,1,hurt,1,91,,0,1,0,,7,3000,3000,0,1,,,2,,,100,
90731,无,-1,1,hurt,1,91,,0,1,0,,7,3000,3000,0,1,,,2,,,100,
90732,无,-1,1,hurt,1,91,,0,1,0,,7,3000,3000,0,1,,,2,,,100,
90741,无,-1,1,hurt,1,91,,0,1,0,,7,3000,3000,0,1,,,2,,,100,
90742,无,-1,1,hurt,1,91,,0,1,0,,7,3000,3000,0,1,,,2,,,100,
90751,无,-1,1,hurt,1,91,,0,1,0,,7,3000,3000,0,1,,,2,,,100,
90752,无,-1,1,hurt,1,91,,0,1,0,,7,3000,3000,0,1,,,2,,,100,
90761,无,-1,1,hurt,1,91,,0,1,0,,7,3000,3000,0,1,,,2,,,100,
90762,无,-1,1,hurt,1,91,,0,1,0,,7,3000,3000,0,1,,,2,,,100,
90771,未知,-1,1,hurt,1,91,,0,1,0,,7,3000,3000,0,1,,,2,,,100,
90772,未知,-1,1,hurt,1,91,,0,1,0,,7,3000,3000,0,1,,,2,,,100,
90781,未知,-1,1,hurt,1,91,,0,1,0,,7,3000,3000,0,1,,,2,,,100,
90782,未知,-1,1,hurt,1,91,,0,1,0,,7,3000,3000,0,1,,,2,,,100,
90791,无,-1,1,hurt,1,91,,0,1,0,,7,3000,3000,0,1,,,2,,,100,
90792,无,-1,1,hurt,1,91,,0,1,0,,7,3000,3000,0,1,,,2,,,100,
90801,神堡冲击炮,-1,1,hurt,2,91,,0,1,1,9107,7,3000,3000,0,99,900011,,5,,,100,
90802,无,-1,1,hurt,1,91,,0,1,0,,7,3000,3000,0,1,,,2,,,100,
90811,无,-1,1,hurt,1,91,,0,1,0,,7,3000,3000,0,1,,,2,,,100,
90812,无,-1,1,hurt,1,91,,0,1,0,,7,3000,3000,0,1,,,2,,,100,
90821,冷血变异者攻击,-1,1,hurt,1,91,,0,1,0,,7,3000,3000,0,1,,,2,,,100,
90822,冷血变异者攻击,-1,1,hurt,1,91,,0,1,0,,7,10000,3000,0,1,,,2,,,100,
90831,熔岩巨魔双手攻击,-1,1,hurt,1,91,,0,1,0,,7,3000,3000,0,1,,,2,,,100,
90832,熔岩巨魔火柱,-1,1,hurt,1,91,,0,1,0,,7,10000,3000,0,1,916862,,2,,,100,
90841,嗜血蜂后普通攻击,-1,1,hurt,1,91,,0,1,0,,7,3000,3000,0,1,,,2,,,100,
90842,嗜血蜂后闪电链（位移）,-1,1,hurt,1,91,,0,1,0,,7,10000,3000,0,1,4000105,,4,,,100,
90851,毒巨魔,-1,1,hurt,1,91,,0,1,0,,7,3000,3000,0,1,,,2,,,100,
90852,毒巨魔,-1,1,hurt,1,91,,0,1,0,,7,10000,3000,0,1,2004002,,2,,,100,
90861,巨斧战士攻击（拖尾）,-1,1,hurt,1,91,,0,1,0,,7,3000,3000,0,1,,,2,,,100,
90862,巨斧战士攻击（拖尾）,-1,1,hurt,1,91,,0,1,0,,7,10000,3000,0,1,,,2,,,100,
90871,无,-1,1,hurt,1,91,,0,1,0,,7,3000,3000,0,1,,,2,,,100,
90872,无,-1,1,hurt,1,91,,0,1,0,,7,3000,3000,0,1,,,2,,,100,
90881,炼狱魔王攻击,-1,1,hurt,1,91,,0,1,0,,7,3000,3000,0,1,,,2,,,100,
90882,炼狱魔王地爆天星,-1,1,hurt,1,91,,0,1,1,9104,7,10000,3000,0,99,,,2,,,100,
90891,无,-1,1,hurt,1,91,,0,1,0,,7,3000,3000,0,1,,,2,,,100,
90892,无,-1,1,hurt,1,91,,0,1,0,,7,3000,3000,0,1,,,2,,,100,
90901,巴卡斯司令攻击,-1,1,hurt,1,91,,0,1,0,,7,3000,3000,0,1,,,2,,,100,
90902,巴卡斯司令攻击,-1,1,hurt,1,91,,0,1,0,,7,3000,3000,0,1,,,2,,,100,
90903,巴卡斯司令攻击下盘,-1,1,hurt,1,91,,0,1,0,,7,3000,3000,0,1,,,2,,,100,
90904,巴卡斯司令甩头,-1,1,hurt,1,91,,0,1,0,,7,3000,3000,0,1,,,2,,,100,
90911,无,-1,1,hurt,1,91,,0,1,0,,7,3000,3000,0,1,,,2,,,100,
90912,无,-1,1,hurt,1,91,,0,1,0,,7,3000,3000,0,1,,,2,,,100,
90921,暗黑防御者攻击,-1,1,hurt,1,91,,0,1,0,,7,3000,3000,0,1,,,6,,,100,
90922,暗黑防御者攻击,-1,1,hurt,1,91,,0,1,0,,7,3000,3000,0,1,,,6,,,100,
90931,暗黑指挥官攻击,-1,1,hurt,1,91,,0,1,0,,7,3000,3000,0,1,,,6,,,100,
90932,暗黑指挥官攻击,-1,1,hurt,1,91,,0,1,0,,7,3000,3000,0,1,,,6,,,100,
90933,暗黑指挥官攻击,-1,1,hurt,1,91,,0,1,0,,7,3000,3000,0,1,,,6,,,100,
90934,暗黑指挥官攻击,-1,1,hurt,1,91,,0,1,0,,7,3000,3000,0,1,,,6,,,100,
90941,暗黑咒术师,-1,1,hurt,1,91,,0,1,0,,7,3000,3000,0,1,,,6,,,100,
90942,暗黑咒术师,-1,1,hurt,1,91,,0,1,0,,7,3000,3000,0,1,,,6,,,100,
90951,暗黑扫荡者,-1,1,hurt,1,91,,0,1,0,,7,3000,3000,0,1,,,1,,,100,
90952,暗黑扫荡者,-1,1,hurt,1,91,,0,1,0,,7,3000,3000,0,1,,,1,,,100,
90961,暗黑血狼人攻击,-1,1,hurt,1,91,,0,1,0,,7,3000,3000,0,1,,,1,,,100,
90962,暗黑血狼人攻击,-1,1,hurt,1,91,,0,1,0,,7,3000,3000,0,1,,,1,,,100,
90971,魔弓侦察兵射击,-1,1,hurt,1,91,,0,1,0,,7,3000,3000,0,1,,,6,,,100,
90972,魔弓侦察兵射击,-1,1,hurt,1,91,,0,1,0,,7,3000,3000,0,1,,,6,,,100,
90981,长矛侦察兵攻击,-1,1,hurt,1,91,,0,1,0,,7,3000,3000,0,1,,,1,,,100,
90982,长矛侦察兵攻击,-1,1,hurt,1,91,,0,1,0,,7,3000,3000,0,1,,,1,,,100,
90991,刺锤侦察兵攻击,-1,1,hurt,1,91,,0,1,0,,7,3000,3000,0,1,,,1,,,100,
90992,刺锤侦察兵攻击,-1,1,hurt,1,91,,0,1,0,,7,3000,3000,0,1,,,1,,,100,
91001,巨弩发射器射击,-1,1,hurt,1,91,,0,1,0,,7,3000,3000,0,1,,,6,,,100,
91002,巨弩发射器射击,-1,1,hurt,1,91,,0,1,0,,7,3000,3000,0,1,,,6,,,100,
91011,丛林女法师攻击,-1,1,hurt,1,91,,0,1,0,,7,3000,3000,0,1,,,2,,,100,
91012,丛林女巫师旋转流光(概率束缚）,-1,1,hurt,1,91,,0,1,0,,7,10000,3000,0,1,,,2,,,100,
91021,丛林生命体拳击,-1,1,hurt,1,91,,0,1,0,,7,3000,3000,0,1,,,2,,,100,
91022,丛林生命体对拳（特效）,-1,1,hurt,1,91,,0,1,0,,7,10000,3000,0,1,,,2,,,100,
91031,丛林暗杀者攻击,-1,1,hurt,1,91,,0,1,0,,7,3000,3000,0,1,,,2,,,100,
91032,丛林暗杀者攻击,-1,1,hurt,1,91,,0,1,0,,7,10000,3000,0,1,,,2,,,100,
91041,丛林残暴者攻击（拖尾）,-1,1,hurt,1,91,,0,1,0,,7,3000,3000,0,1,,,2,,,100,
91042,丛林残暴者攻击（拖尾）,-1,1,hurt,1,91,,0,1,0,,7,10000,3000,0,1,,,2,,,100,
91051,丛林树精灵攻击,-1,1,hurt,1,91,,0,1,0,,7,3000,3000,0,1,,,2,,,100,
91052,丛林树精灵攻击,-1,1,hurt,1,91,,0,1,0,,7,10000,3000,0,1,,,2,,,100,
91061,丛林召唤者火焰龙卷风,-1,1,hurt,1,91,,0,1,1,9102,7,3000,3000,0,99,,,5,,,100,
91062,丛林召唤者火焰炮（位移）,-1,1,hurt,1,91,,0,1,1,9100,7,10000,3000,0,99,,,5,,,100,
91071,疯魔跳劈,-1,1,hurt,1,91,,0,1,1,9103,7,3000,3000,0,99,,,2,,,100,
91072,疯魔跳劈,-1,1,hurt,1,91,,0,1,1,9103,7,10000,3000,0,99,,,2,,,100,
91081,裂角狼吼叫,-1,1,hurt,1,91,,0,1,0,,7,3000,3000,0,1,,,2,,,100,
91082,裂角狼攻击,-1,1,hurt,1,91,,0,1,0,,7,3000,3000,0,1,,,2,,,100,
91091,金甲兽射击,-1,1,hurt,1,91,,0,1,0,,7,3000,3000,0,1,,,4,,,100,
91092,金甲兽射击,-1,1,hurt,1,91,,0,1,0,,7,3000,3000,0,1,,,4,,,100,
91101,半兽人攻击（拖尾）,-1,1,hurt,1,91,,0,1,0,,7,3000,3000,0,1,,,2,,,100,
91102,半兽人攻击（拖尾）,-1,1,hurt,1,91,,0,1,0,,7,3000,3000,0,1,,,2,,,100,
91111,刀刃猎手左勾拳（拖尾）,-1,1,hurt,1,91,,0,1,0,,7,3000,3000,0,1,,,2,,,100,
91112,刀刃猎手右勾拳（拖尾）,-1,1,hurt,1,91,,0,1,0,,7,3000,3000,0,1,,,2,,,100,
91121,寒冰刺客射击,-1,1,hurt,1,91,,0,1,0,,7,3000,3000,0,1,,,4,,,100,
91122,寒冰刺客射击,-1,1,hurt,1,91,,0,1,0,,7,3000,3000,0,1,,,4,,,100,
91131,狂巨人攻击(拖尾）,-1,1,hurt,1,91,,0,1,0,,7,3000,3000,0,1,,,2,,,100,
91132,狂巨人攻击(拖尾）,-1,1,hurt,1,91,,0,1,0,,7,3000,3000,0,1,,,2,,,100,
91141,屠杀者轮锤(拖尾),-1,1,hurt,1,91,,0,1,1,9103,7,3000,3000,0,99,,,2,,,100,
91142,屠杀者轮锤(拖尾),-1,1,hurt,1,91,,0,1,1,9103,7,10000,3000,0,99,,,2,,,100,
91151,假面巫龙卷风,-1,1,hurt,1,91,,0,1,0,,7,3000,3000,0,1,,,2,,,100,
91152,假面巫黑龙波,-1,1,hurt,1,91,,0,1,0,,7,10000,3000,0,1,,,2,,,100,
91161,毒步妖攻击(粒子聚合）,-1,1,hurt,1,91,,0,1,0,,7,3000,3000,0,1,,,2,,,100,
91162,毒步妖攻击(粒子聚合）,-1,1,hurt,1,91,,0,1,0,,7,10000,3000,0,1,,,2,,,100,
91171,恐惧天使攻击(残影),-1,1,hurt,1,91,,0,1,0,,7,3000,3000,0,1,,,2,,,100,
91172,恐惧天使攻击(残影),-1,1,hurt,1,91,,0,1,0,,7,10000,3000,0,1,,,2,,,100,
91181,咒怨魔王攻击,-1,1,hurt,1,91,,0,1,1,9101,7,3000,3000,0,99,,,5,,,100,
91182,咒怨魔王攻击,-1,1,hurt,1,91,,0,1,1,9103,7,10000,3000,0,99,,,2,,,100,
91191,玛雅之左手攻击,-1,1,hurt,1,91,,0,1,1,9103,7,3000,3000,0,99,,,2,,,100,
91192,玛雅之左手攻击,-1,1,hurt,1,91,,0,1,1,9105,7,10000,3000,0,99,,,5,,,100,
91201,玛雅之右手攻击,-1,1,hurt,1,91,,0,1,1,9103,7,3000,3000,0,99,,,2,,,100,
91202,玛雅之右手攻击,-1,1,hurt,1,91,,0,1,1,9105,7,3000,3000,0,99,,,5,,,100,
91211,无,-1,1,hurt,1,91,,0,1,0,,7,3000,3000,0,1,,,2,,,100,
91212,无,-1,1,hurt,1,91,,0,1,0,,7,3000,3000,0,1,,,2,,,100,
91221,无,-1,1,hurt,1,91,,0,1,0,,7,3000,3000,0,1,,,2,,,100,
91222,无,-1,1,hurt,1,91,,0,1,0,,7,3000,3000,0,1,,,2,,,100,
91231,福袋攻击,-1,1,hurt,1,91,,0,1,0,,7,3000,3000,0,1,,,2,,,100,
91232,福袋攻击,-1,1,hurt,1,91,,0,1,0,,7,3000,3000,0,1,,,2,,,100,
91241,未知,-1,1,hurt,1,91,,0,1,0,,7,3000,3000,0,1,,,2,,,100,
91242,未知,-1,1,hurt,1,91,,0,1,0,,7,3000,3000,0,1,,,2,,,100,
91251,未知,-1,1,hurt,1,91,,0,1,0,,7,3000,3000,0,1,,,2,,,100,
91252,未知,-1,1,hurt,1,91,,0,1,0,,7,3000,3000,0,1,,,2,,,100,
91261,未知,-1,1,hurt,1,91,,0,1,0,,7,3000,3000,0,1,,,2,,,100,
91262,未知,-1,1,hurt,1,91,,0,1,0,,7,3000,3000,0,1,,,2,,,100,
91271,未知,-1,1,hurt,1,91,,0,1,0,,7,3000,3000,0,1,,,2,,,100,
91272,未知,-1,1,hurt,1,91,,0,1,0,,7,3000,3000,0,1,,,2,,,100,
91281,月兔呼吸,-1,1,hurt,1,91,,0,1,0,,7,3000,3000,0,1,,,2,,,100,
91282,月兔挠脸,-1,1,hurt,1,91,,0,1,0,,7,3000,3000,0,1,,,2,,,100,
91291,怪异的兔子攻击,-1,1,hurt,1,91,,0,1,0,,7,3000,3000,0,1,,,2,,,100,
91292,怪异的兔子攻击,-1,1,hurt,1,91,,0,1,0,,7,3000,3000,0,1,,,2,,,100,
91301,疯狂的兔子攻击,-1,1,hurt,1,91,,0,1,0,,7,3000,3000,0,1,,,2,,,100,
91302,疯狂的兔子攻击,-1,1,hurt,1,91,,0,1,0,,7,3000,3000,0,1,,,2,,,100,
91311,狼人劈砍(拖尾),-1,1,hurt,1,91,,0,1,0,,7,3000,3000,0,1,,,2,,,100,
91312,狼人劈砍(拖尾),-1,1,hurt,1,91,,0,1,0,,7,3000,3000,0,1,,,2,,,100,
91321,污染之蝶攻击,-1,1,hurt,1,91,,0,1,0,,7,3000,3000,0,1,,,2,,,100,
91322,污染之蝶攻击,-1,1,hurt,1,91,,0,1,0,,7,3000,3000,0,1,,,2,,,100,
91331,诅咒巫师,-1,1,hurt,1,91,,0,1,0,,7,3000,3000,0,1,,,2,,,100,
91332,诅咒巫师,-1,1,hurt,1,91,,0,1,0,,7,3000,3000,0,1,,,2,,,100,
91341,图腾树人攻击,-1,1,hurt,1,91,,0,1,0,,7,3000,3000,0,1,,,2,,,100,
91342,图腾树人攻击,-1,1,hurt,1,91,,0,1,0,,7,3000,3000,0,1,,,2,,,100,
91351,灰熊攻击,-1,1,hurt,1,91,,0,1,0,,7,3000,3000,0,1,,,2,,,100,
91352,灰熊攻击,-1,1,hurt,1,91,,0,1,0,,7,3000,3000,0,1,,,2,,,100,
91361,残暴的灰熊攻击,-1,1,hurt,1,91,,0,1,0,,7,3000,3000,0,1,,,2,,,100,
91362,残暴的灰熊攻击,-1,1,hurt,1,91,,0,1,0,,7,3000,3000,0,1,,,2,,,100,
91371,树妖,-1,1,hurt,1,91,,0,1,0,,7,3000,3000,0,1,,,2,,,100,
91372,树妖,-1,1,hurt,1,91,,0,1,0,,7,10000,3000,0,1,,,2,,,100,
91381,毒树妖,-1,1,hurt,1,91,,0,1,0,,7,3000,3000,0,1,,,2,,,100,
91382,毒树妖,-1,1,hurt,1,91,,0,1,0,,7,10000,3000,0,1,,,2,,,100,
91391,残忍的树妖,-1,1,hurt,1,91,,0,1,0,,7,3000,3000,0,1,,,2,,,100,
91392,残忍的树妖,-1,1,hurt,1,91,,0,1,0,,7,10000,3000,0,1,,,2,,,100,
91401,暗影爪牙攻击,-1,1,hurt,1,91,,0,1,0,,7,3000,3000,0,1,,,2,,,100,
91402,暗影爪牙攻击,-1,1,hurt,1,91,,0,1,0,,7,10000,3000,0,1,,,2,,,100,
91411,暗影骑士攻击(冰冻),-1,1,hurt,1,91,,0,1,0,,7,3000,3000,0,1,,,2,,,100,
91412,暗影骑士攻击(冰冻),-1,1,hurt,1,91,,0,1,0,,7,10000,3000,0,1,,,2,,,100,
91421,暗影武士攻击,-1,1,hurt,1,91,,0,1,0,,7,3000,3000,0,1,,,2,,,100,
91422,暗影武士攻击,-1,1,hurt,1,91,,0,1,0,,7,10000,3000,0,1,,,2,,,100,
91431,闪电巨人攻击,-1,1,hurt,1,91,,0,1,1,9103,7,3000,3000,0,99,,,2,,,100,
91432,闪电巨人拍地（电球）,-1,1,hurt,1,91,,0,1,1,9103,7,3000,3000,0,99,,,2,,,100,
91441,幽灵巨人攻击(中毒),-1,1,hurt,1,91,,0,1,1,9103,7,3000,3000,0,99,,,2,,,100,
91442,幽灵巨人攻击(中毒),-1,1,hurt,1,91,,0,1,1,9103,7,3000,3000,0,99,,,2,,,100,
91451,火焰巨人攻击,-1,1,hurt,1,91,,0,1,1,9103,7,3000,3000,0,99,,,2,,,100,
91452,火焰巨人攻击,-1,1,hurt,1,91,,0,1,1,9103,7,3000,3000,0,99,,,2,,,100,
91461,冰之魔犬爪子攻击,-1,1,hurt,1,91,,0,1,0,,7,3000,3000,0,1,,,2,,,100,
91462,冰之魔犬吐息(冰冻),-1,1,hurt,1,91,,0,1,0,,7,10000,3000,0,1,,,2,,,100,
91471,冰之魔象攻击,-1,1,hurt,1,91,,0,1,0,,7,3000,3000,0,1,,,2,,,100,
91472,冰之魔象攻击,-1,1,hurt,1,91,,0,1,0,,7,10000,3000,0,1,,,2,,,100,
91481,冰之巨魔攻击,-1,1,hurt,1,91,,0,1,0,,7,3000,3000,0,1,,,2,,,100,
91482,冰之巨魔攻击,-1,1,hurt,1,91,,0,1,0,,7,10000,3000,0,1,,,2,,,100,
91491,冰之魔蛛攻击,-1,1,hurt,1,91,,0,1,0,,7,3000,3000,0,1,,,2,,,100,
91492,冰之魔蛛攻击,-1,1,hurt,1,91,,0,1,0,,7,10000,3000,0,1,,,2,,,100,
91501,冰铁剑魂攻击,-1,1,hurt,1,91,,0,1,0,,7,3000,3000,0,1,,,2,,,100,
91502,冰铁剑魂攻击,-1,1,hurt,1,91,,0,1,0,,7,10000,3000,0,1,,,2,,,100,
91511,冰霜巨蛛冰雹,-1,1,hurt,1,91,,0,1,1,9105,7,3000,3000,0,99,,,5,,,100,
91512,冰霜巨蛛躲地,-1,1,hurt,1,91,,0,1,1,9103,7,3000,3000,0,99,,,2,,,100,
91513,剧毒巨蛛攻击,-1,1,hurt,1,91,,0,1,1,9105,7,3000,3000,0,99,,,5,,,100,
91514,剧毒巨蛛攻击,-1,1,hurt,1,91,,0,1,1,9103,7,3000,3000,0,99,,,2,,,100,
91551,伞,-1,1,hurt,1,91,,0,1,0,,7,3000,3000,0,1,,,2,,,100,
91552,伞,-1,1,hurt,1,91,,0,1,0,,7,3000,3000,0,1,,,2,,,100,
91561,圣诞老人大暴雪,-1,1,hurt,1,91,,0,1,1,9105,7,3000,3000,0,99,900012,,5,,,100,
91562,圣诞老人招魂,-1,1,hurt,1,91,,0,1,1,9104,7,3000,3000,0,99,900012,,5,,,100,
91601,未知,-1,1,hurt,1,91,,0,1,0,,7,3000,3000,0,1,,,2,,,100,
91602,未知,-1,1,hurt,1,91,,0,1,0,,7,3000,3000,0,1,,,2,,,100,
91611,骷髅兵,-1,1,hurt,1,91,,0,1,0,,7,3000,3000,0,1,,,2,,,100,
91612,骷髅兵,-1,1,hurt,1,91,,0,1,0,,7,3000,3000,0,1,,,2,,,100,
91621,骷髅弓箭手,-1,1,hurt,1,91,,0,1,0,,7,3000,3000,0,1,,,8,,,100,
91622,骷髅弓箭手,-1,1,hurt,1,91,,0,1,0,,7,3000,3000,0,1,,,8,,,100,
91631,骷髅战士,-1,1,hurt,1,91,,0,1,0,,7,3000,3000,0,1,,,2,,,100,
91632,骷髅战士,-1,1,hurt,1,91,,0,1,0,,7,3000,3000,0,1,,,2,,,100,
91641,诅咒巫师闪电链,-1,1,hurt,1,91,,0,1,0,,7,3000,3000,0,1,,,3,,,100,
91642,诅咒巫师闪电链,-1,1,hurt,1,91,,0,1,0,,7,3000,3000,0,1,,,3,,,100,
91651,怪物弓箭手,-1,1,hurt,1,91,,0,1,1,91651,7,3000,3000,0,1,,,3,,,100,
91661,怪物袭风刺,-1,1,hurt,1,91,,0,1,1,11110100,1,3000,3000,0,99,,,2,,,100,
91671,怪物极光,-1,1,hurt,1,91,,0,1,1,12140100,7,3000,3000,0,99,,,6,,,100,
91681,弓箭手雇佣兵单体,-1,1,hurt,1,91,,0,1,0,,7,3000,3000,0,1,,,6,,,100,
91682,弓箭手雇佣兵范围,-1,1,hurt,1,91,,0,1,0,,7,3000,3000,0,1,,,6,,,100,
91683,圣射手雇佣兵单体,-1,1,hurt,1,91,,0,1,0,,7,3000,3000,0,1,,,6,,,100,
91684,圣射手雇佣兵范围,-1,1,hurt,1,91,,0,1,1,91684,7,3000,3000,0,3,,,6,,,100,
91685,神射手雇佣兵单体,-1,1,hurt,1,91,,0,1,0,,7,3000,3000,0,1,,,6,,,100,
91686,神射手雇佣兵范围,-1,1,hurt,1,91,,0,1,1,91686,7,3000,3000,0,5,916861,,6,,,100,
91711,刽子手,-1,1,hurt,1,91,,0,1,0,,7,3000,3000,0,1,,,5,,,100,
91712,刽子手,-1,1,hurt,1,91,,0,1,0,,7,3000,3000,0,1,900013,,2,,,100,
91713,刽子手,-1,1,hurt,1,91,,0,1,1,9104,7,10000,3000,0,99,900013#4000103,,5,,,100,
91714,刽子手,-1,1,hurt,1,91,,0,1,0,,7,3000,3000,0,1,900013,,2,,,100,
91721,水晶鹿幻影冲撞,-1,1,hurt,1,91,,0,1,1,12210100,7,3000,3000,0,99,4000105#4000107,,5,,,100,
91722,水晶鹿冰封,-1,1,hurt,1,91,,0,1,1,12210100,7,3000,3000,0,99,4000106#4000107,,5,,,100,
91723,水晶鹿,-1,1,hurt,1,91,,0,1,0,,7,3000,3000,0,1,,,2,,,100,
91724,水晶鹿,-1,1,hurt,1,91,,0,1,0,,7,3000,3000,0,1,,,2,,,100,
91731,海怪,-1,1,hurt,1,91,,0,1,0,,7,3000,3000,0,1,,,5,,,100,
91732,海怪,-1,1,hurt,1,91,,0,1,1,9104,7,10000,3000,0,99,900113#4000104,,5,,,100,
91733,海怪,-1,1,hurt,1,91,,0,1,0,,7,3000,3000,0,1,900013,,2,,,100,
91734,海怪,-1,1,hurt,1,91,,0,1,0,,7,3000,3000,0,1,900013,,2,,,100,
91741,傲之煞冲击波,-1,1,hurt,1,91,,0,1,1,9103,7,3000,3000,0,99,,,5,,,100,
91742,傲之煞,-1,1,hurt,1,91,,0,1,0,,7,3000,3000,0,1,,,2,,,100,
91743,傲之煞喷毒,-1,1,hurt,1,91,,0,1,1,9105,7,3000,3000,0,99,,,5,,,100,
91744,傲之煞,-1,1,hurt,1,91,,0,1,0,,7,3000,3000,0,1,,,2,,,100,
91751,魅魔,-1,1,hurt,1,91,,0,1,0,,7,3000,3000,0,1,,,2,,,100,
91752,魅魔,-1,1,hurt,1,91,,0,1,0,,7,3000,3000,0,1,,,2,,,100,
91753,魅魔,-1,1,hurt,1,91,,0,1,0,,7,3000,3000,0,1,,,2,,,100,
91754,魅魔,-1,1,hurt,1,91,,0,1,0,,7,3000,3000,0,1,,,2,,,100,
91761,泰克图斯,-1,1,hurt,1,91,,0,1,0,,7,3000,3000,0,1,,,2,,,100,
91762,泰克图斯,-1,1,hurt,1,91,,0,1,0,,7,3000,3000,0,1,,,2,,,100,
91763,泰克图斯,-1,1,hurt,1,91,,0,1,0,,7,3000,3000,0,1,,,2,,,100,
91764,泰克图斯,-1,1,hurt,1,91,,0,1,0,,7,3000,3000,0,1,,,2,,,100,
91781,大恶魔,-1,1,hurt,1,91,,0,1,0,,7,3000,3000,0,1,,,5,,,100,
91782,大恶魔,-1,1,hurt,1,91,,0,1,0,,7,3000,3000,0,1,900013,,5,,,100,
91783,大恶魔,-1,1,hurt,1,91,,0,1,0,,7,3000,3000,0,1,900013,,5,,,100,
91784,大恶魔,-1,1,hurt,1,91,,0,1,1,9102,7,10000,3000,0,99,900013#4000101,,5,,,100,
91791,大天使挥砍,-1,1,hurt,1,91,,0,1,0,,7,3000,3000,0,1,,,5,,,100,
91792,大天使蓄力挥砍,-1,1,hurt,1,91,,0,1,1,9100,7,3000,3000,0,99,900013,,5,,,100,
91793,大天使举剑,-1,1,hurt,1,91,,0,1,1,9104,7,3000,3000,0,99,900013,,5,,,100,
91794,大天使剑插地,-1,1,hurt,1,91,,0,1,1,9104,7,10000,3000,0,99,900113#4000102,,5,,,100,
91831,审判者,-1,1,hurt,1,91,,0,1,0,,7,3000,3000,0,1,,,2,,,100,
91832,审判者,-1,1,hurt,1,91,,0,1,0,,7,3000,3000,0,1,,,2,,,100,
91833,审判者,-1,1,hurt,1,91,,0,1,0,,7,3000,3000,0,1,,,2,,,100,
91834,审判者,-1,1,hurt,1,91,,0,1,0,,7,3000,3000,0,1,,,2,,,100,
91841,长枪守卫,-1,1,hurt,1,91,,0,1,1,9100,7,3000,3000,0,99,,,5,,,100,
91842,长枪守卫,-1,1,hurt,1,91,,0,1,1,9100,7,3000,3000,0,99,,,5,,,100,
91871,蓝晶守卫,-1,1,hurt,1,91,,0,1,1,9105,7,3000,3000,0,99,,,3,,,100,
91872,蓝晶守卫,-1,1,hurt,1,91,,0,1,1,9105,7,3000,3000,0,99,,,3,,,100,
91881,幽灵暗杀者,-1,1,hurt,1,91,,0,1,1,9105,7,3000,3000,0,99,,,3,,,100,
91882,幽灵暗杀者,-1,1,hurt,1,91,,0,1,1,9105,7,3000,3000,0,99,,,3,,,100,
91921,毁灭战士,-1,1,hurt,1,91,,0,1,1,9100,7,3000,3000,0,99,,,5,,,100,
91922,毁灭战士,-1,1,hurt,1,91,,0,1,1,9104,7,3000,3000,0,99,,,5,,,100,
91931,邪能巫师,-1,1,hurt,1,91,,0,1,1,9100,7,3000,3000,0,99,,,5,,,100,
91932,邪能巫师,-1,1,hurt,1,91,,0,1,1,9100,7,3000,3000,0,99,,,5,,,100,
91941,潘神女巫,-1,1,hurt,1,91,,0,1,1,9103,7,3000,3000,0,99,,,3,,,100,
91942,潘神女巫,-1,1,hurt,1,91,,0,1,1,9103,7,3000,3000,0,99,,,3,,,100,
91991,毁灭摧城者普攻,-1,1,hurt,1,91,,0,1,1,9101,7,3000,3000,0,1,,,3,,,100,
91992,毁灭摧城者技能,-1,1,hurt,1,91,,0,1,1,11100100,7,15000,3000,0,99,4000108,,3,,,100,
91993,怒海摧城者普攻,-1,1,hurt,1,91,,0,1,1,9101,7,3000,3000,0,1,,,3,,,100,
91994,怒海摧城者技能,-1,1,hurt,1,91,,0,1,1,11100100,7,10000,3000,0,99,4000109,,3,,,100,
92001,邪恶女王,-1,1,hurt,1,91,,0,1,1,9103,7,3000,3000,0,99,,,5,,,100,
92002,邪恶女王,-1,1,hurt,1,91,,0,1,1,9103,7,3000,3000,0,99,,,5,,,100,
92011,虚空魔武士普攻,-1,1,hurt,1,91,,0,1,1,9101,7,3000,3000,0,1,,,5,,,100,
92012,虚空魔武士技能,-1,1,hurt,1,91,,0,1,1,11100100,7,10000,3000,0,99,4000101,,5,,,100,
92013,血骸魔武士普攻,-1,1,hurt,1,91,,0,1,1,9101,7,3000,3000,0,1,,,5,,,100,
92014,血骸魔武士技能,-1,1,hurt,1,91,,0,1,1,11100100,7,15000,3000,0,99,4000110,,5,,,100,
92021,狂怒战士技能,-1,1,hurt,1,91,,0,1,1,9100,7,3000,3000,0,99,,,2,,,100,
92022,狂怒战士普攻,-1,1,hurt,1,91,,0,1,1,9100,7,3000,3000,0,1,,,2,,,100,
92023,终末之龙,-1,1,hurt,1,91,,0,1,1,,7,3000,3000,0,1,1324002,,5,,,100,
92024,终末之龙,-1,1,hurt,1,91,,0,1,1,9101,7,10000,3000,0,10,1324002,,5,,,100,
92025,终末之龙,-1,1,hurt,1,91,,0,1,1,11100100,7,10000,3000,0,99,1324002#1324003,,5,,,100,
93001,尖刺爪牙攻击,-1,1,hurt,1,91,,0,1,0,,7,3000,3000,0,1,,,1,,,100,
93002,兽人弓箭手攻击,-1,1,hurt,1,91,,0,1,0,,7,3000,3000,0,1,,,8,,,100,
93003,独角巨怪攻击,-1,1,hurt,1,91,,0,1,0,,7,3000,3000,0,1,,,1,,,100,
93004,深渊戈登普攻,-1,1,hurt,1,91,,0,1,0,,7,3000,3000,0,1,,,4,,,100,
93005,深渊戈登反弹,-1,1,hurt,1,91,,0,2,0,,7,15000,3000,0,1,93005,,5,,,100,
93006,炎域假面巫普攻,-1,1,hurt,1,91,,0,1,0,,7,3000,3000,0,1,,,5,,,100,
93007,炎域假面巫燃烧攻击,-1,1,hurt,1,91,,0,1,1,11070100,7,10000,3000,0,99,93007,,4,,,100,
93008,冰霜召唤者普攻冰冻+额外伤害,-1,1,hurt,1,91,,0,1,1,11100100,7,3000,3000,0,99,,,4,,,100,
93009,冰霜召唤者全屏技能,-1,1,hurt,1,91,,0,1,1,11100100,7,10000,3000,0,99,,,5,,,100,
99921,测试怪攻击1,-1,1,hurt,1,91,,0,1,0,,7,3000,3000,0,1,,,1,,,100,
99922,测试怪攻击2,-1,1,hurt,1,91,,0,1,0,,7,3000,3000,0,1,,,1,,,100,
207111,远程动作1单体攻击CD1秒,-1,1,hurt,1,91,,0,1,0,,7,3000,3000,0,1,,,5,,,100,
207112,远程动作1单体攻击CD2秒,-1,1,hurt,1,91,,0,1,0,,7,3000,3000,0,1,,,5,,,100,
207113,远程动作1单体攻击CD3秒,-1,1,hurt,1,91,,0,1,0,,7,3000,3000,0,1,,,5,,,100,
207114,远程动作1单体攻击CD4秒,-1,1,hurt,1,91,,0,1,0,,7,3000,3000,0,1,,,5,,,100,
207121,远程动作1公cd2单体攻击CD1秒,-1,1,hurt,1,91,,0,1,0,,7,3000,3000,0,1,,,5,,,100,
207122,远程动作1公cd2单体攻击CD2秒,-1,1,hurt,1,91,,0,1,0,,7,3000,3000,0,1,,,5,,,100,
207123,远程动作1公cd2单体攻击CD3秒,-1,1,hurt,1,91,,0,1,0,,7,3000,3000,0,1,,,5,,,100,
207124,远程动作1公cd2单体攻击CD4秒,-1,1,hurt,1,91,,0,1,0,,7,3000,3000,0,1,,,5,,,100,
207211,远程动作2单体攻击CD1秒,-1,1,hurt,1,91,,0,1,0,,7,3000,3000,0,1,,,5,,,100,
207212,远程动作2单体攻击CD2秒,-1,1,hurt,1,91,,0,1,0,,7,3000,3000,0,1,,,5,,,100,
207213,远程动作2单体攻击CD3秒,-1,1,hurt,1,91,,0,1,0,,7,3000,3000,0,1,,,5,,,100,
207214,远程动作2单体攻击CD4秒,-1,1,hurt,1,91,,0,1,0,,7,3000,3000,0,1,,,5,,,100,
207221,远程动作2公cd2单体攻击CD1秒,-1,1,hurt,1,91,,0,1,0,,7,3000,3000,0,1,,,5,,,100,
207222,远程动作2公cd2单体攻击CD2秒,-1,1,hurt,1,91,,0,1,0,,7,3000,3000,0,1,,,5,,,100,
207223,远程动作2公cd2单体攻击CD3秒,-1,1,hurt,1,91,,0,1,0,,7,3000,3000,0,1,,,5,,,100,
207224,远程动作2公cd2单体攻击CD4秒,-1,1,hurt,1,91,,0,1,0,,7,3000,3000,0,1,,,5,,,100,
207311,远程动作3单体攻击CD1秒,-1,1,hurt,1,91,,0,1,0,,7,3000,3000,0,1,,,5,,,100,
207312,远程动作3单体攻击CD2秒,-1,1,hurt,1,91,,0,1,0,,7,3000,3000,0,1,,,5,,,100,
207313,远程动作3单体攻击CD3秒,-1,1,hurt,1,91,,0,1,0,,7,3000,3000,0,1,,,5,,,100,
207314,远程动作3单体攻击CD4秒,-1,1,hurt,1,91,,0,1,0,,7,3000,3000,0,1,,,5,,,100,
207321,远程动作3公cd2单体攻击CD1秒,-1,1,hurt,1,91,,0,1,0,,7,3000,3000,0,1,,,5,,,100,
207322,远程动作3公cd2单体攻击CD2秒,-1,1,hurt,1,91,,0,1,0,,7,3000,3000,0,1,,,5,,,100,
207323,远程动作3公cd2单体攻击CD3秒,-1,1,hurt,1,91,,0,1,0,,7,3000,3000,0,1,,,5,,,100,
207324,远程动作3公cd2单体攻击CD4秒,-1,1,hurt,1,91,,0,1,0,,7,3000,3000,0,1,,,5,,,100,
207411,远程动作4单体攻击CD1秒,-1,1,hurt,1,91,,0,1,0,,7,3000,3000,0,1,,,5,,,100,
207412,远程动作4单体攻击CD2秒,-1,1,hurt,1,91,,0,1,0,,7,3000,3000,0,1,,,5,,,100,
207413,远程动作4单体攻击CD3秒,-1,1,hurt,1,91,,0,1,0,,7,3000,3000,0,1,,,5,,,100,
207414,远程动作4单体攻击CD4秒,-1,1,hurt,1,91,,0,1,0,,7,3000,3000,0,1,,,5,,,100,
207421,远程动作4公cd3单体攻击CD1秒,-1,1,hurt,1,91,,0,1,0,,7,3000,3000,0,1,,,5,,,100,
207422,远程动作4公cd3单体攻击CD2秒,-1,1,hurt,1,91,,0,1,0,,7,3000,3000,0,1,,,5,,,100,
207423,远程动作4公cd3单体攻击CD3秒,-1,1,hurt,1,91,,0,1,0,,7,3000,3000,0,1,,,5,,,100,
207424,远程动作4公cd3单体攻击CD4秒,-1,1,hurt,1,91,,0,1,0,,7,3000,3000,0,1,,,5,,,100,
208111,近战动作1单体攻击CD1秒,-1,1,hurt,1,91,,0,1,0,,7,3000,3000,0,1,,,1,,,100,
208112,近战动作1单体攻击CD2秒,-1,1,hurt,1,91,,0,1,0,,7,3000,3000,0,1,,,1,,,100,
208113,近战动作1单体攻击CD3秒,-1,1,hurt,1,91,,0,1,0,,7,3000,3000,0,1,,,1,,,100,
208114,近战动作1单体攻击CD4秒,-1,1,hurt,1,91,,0,1,0,,7,3000,3000,0,1,,,1,,,100,
208121,近战动作1公cd2单体攻击CD1秒,-1,1,hurt,1,91,,0,1,0,,7,3000,3000,0,1,,,1,,,100,
208122,近战动作1公cd2单体攻击CD2秒,-1,1,hurt,1,91,,0,1,0,,7,3000,3000,0,1,,,1,,,100,
208123,近战动作1公cd2单体攻击CD3秒,-1,1,hurt,1,91,,0,1,0,,7,3000,3000,0,1,,,1,,,100,
208124,近战动作1公cd2单体攻击CD4秒,-1,1,hurt,1,91,,0,1,0,,7,3000,3000,0,1,,,1,,,100,
208211,近战动作2单体攻击CD1秒,-1,1,hurt,1,91,,0,1,0,,7,3000,3000,0,1,,,1,,,100,
208212,近战动作2单体攻击CD2秒,-1,1,hurt,1,91,,0,1,0,,7,3000,3000,0,1,,,1,,,100,
208213,近战动作2单体攻击CD3秒,-1,1,hurt,1,91,,0,1,0,,7,3000,3000,0,1,,,1,,,100,
208214,近战动作2单体攻击CD4秒,-1,1,hurt,1,91,,0,1,0,,7,3000,3000,0,1,,,1,,,100,
208221,近战动作2公cd2单体攻击CD1秒,-1,1,hurt,1,91,,0,1,0,,7,3000,3000,0,1,,,1,,,100,
208222,近战动作2公cd2单体攻击CD2秒,-1,1,hurt,1,91,,0,1,0,,7,3000,3000,0,1,,,1,,,100,
208223,近战动作2公cd2单体攻击CD3秒,-1,1,hurt,1,91,,0,1,0,,7,3000,3000,0,1,,,1,,,100,
208224,近战动作2公cd2单体攻击CD4秒,-1,1,hurt,1,91,,0,1,0,,7,3000,3000,0,1,,,1,,,100,
208311,近战动作3单体攻击CD1秒,-1,1,hurt,1,91,,0,1,0,,7,3000,3000,0,1,,,1,,,100,
208312,近战动作3单体攻击CD2秒,-1,1,hurt,1,91,,0,1,0,,7,3000,3000,0,1,,,1,,,100,
208313,近战动作3单体攻击CD3秒,-1,1,hurt,1,91,,0,1,0,,7,3000,3000,0,1,,,1,,,100,
208314,近战动作3单体攻击CD4秒,-1,1,hurt,1,91,,0,1,0,,7,3000,3000,0,1,,,1,,,100,
208321,近战动作3公cd2单体攻击CD1秒,-1,1,hurt,1,91,,0,1,0,,7,3000,3000,0,1,,,1,,,100,
208322,近战动作3公cd2单体攻击CD2秒,-1,1,hurt,1,91,,0,1,0,,7,3000,3000,0,1,,,1,,,100,
208323,近战动作3公cd2单体攻击CD3秒,-1,1,hurt,1,91,,0,1,0,,7,3000,3000,0,1,,,1,,,100,
208324,近战动作3公cd2单体攻击CD4秒,-1,1,hurt,1,91,,0,1,0,,7,3000,3000,0,1,,,1,,,100,
208411,近战动作4单体攻击CD1秒,-1,1,hurt,1,91,,0,1,0,,7,3000,3000,0,1,,,1,,,100,
208412,近战动作4单体攻击CD2秒,-1,1,hurt,1,91,,0,1,0,,7,3000,3000,0,1,,,1,,,100,
208413,近战动作4单体攻击CD3秒,-1,1,hurt,1,91,,0,1,0,,7,3000,3000,0,1,,,1,,,100,
208414,近战动作4单体攻击CD4秒,-1,1,hurt,1,91,,0,1,0,,7,3000,3000,0,1,,,1,,,100,
208421,近战动作4公cd3单体攻击CD1秒,-1,1,hurt,1,91,,0,1,0,,7,3000,3000,0,1,,,1,,,100,
208422,近战动作4公cd3单体攻击CD2秒,-1,1,hurt,1,91,,0,1,0,,7,3000,3000,0,1,,,1,,,100,
208423,近战动作4公cd3单体攻击CD3秒,-1,1,hurt,1,91,,0,1,0,,7,3000,3000,0,1,,,1,,,100,
208424,近战动作4公cd3单体攻击CD4秒,-1,1,hurt,1,91,,0,1,0,,7,3000,3000,0,1,,,1,,,100,
290011,牛怪劈砍,-1,1,hurt,1,91,,0,1,0,,7,3000,3000,0,1,,,1,,,100,
290012,牛怪吼叫,-1,1,hurt,1,91,,0,1,0,,7,3000,3000,0,1,,,1,,,100,
290013,蛮牛怪劈砍,-1,1,hurt,1,91,,0,1,0,,7,3000,3000,0,1,,,1,,,100,
290014,蛮牛怪吼叫,-1,1,hurt,1,91,,0,1,0,,7,3000,3000,0,1,,,1,,,100,
290015,毒牛怪劈砍,-1,1,hurt,1,91,,0,1,0,,7,3000,3000,0,1,,,1,,,100,
290016,毒牛怪吼叫,-1,1,hurt,1,91,,0,1,0,,7,3000,3000,0,1,,,1,,,100,
290021,猎犬怪劈砍,-1,1,hurt,1,91,,0,1,0,,7,3000,3000,0,1,,,1,,,100,
290022,猎犬怪侧劈,-1,1,hurt,1,91,,0,1,0,,7,3000,3000,0,1,,,1,,,100,
290023,地狱猎犬怪,-1,1,hurt,1,91,,0,1,0,,7,3000,3000,0,1,,,1,,,100,
290024,地狱猎犬怪,-1,1,hurt,1,91,,0,1,0,,7,3000,3000,0,1,,,1,,,100,
290031,小火龙喷火（特效）,-1,1,hurt,1,91,,0,1,0,,7,3000,3000,0,1,,,3,,,100,
290032,小火龙攻击,-1,1,hurt,1,91,,0,1,0,,7,3000,3000,0,1,,,1,,,100,
290041,黑暗骑士拔剑,-1,1,hurt,1,91,,0,1,0,,7,3000,3000,0,1,,,1,,,100,
290042,黑暗骑士侧劈,-1,1,hurt,1,91,,0,1,0,,7,3000,3000,0,1,,,1,,,100,
290051,黑巫师陨石术（特效）,-1,1,hurt,1,91,,0,1,0,,7,3000,3000,0,1,,,3,,,100,
290052,黑巫师陨石术（特效）,-1,1,hurt,1,91,,0,1,0,,7,3000,3000,0,1,,,3,,,100,
290053,死灵巫师闪电链（位移）,-1,1,hurt,1,91,,0,1,0,,7,3000,3000,0,1,,,3,,,100,
290054,死灵巫师闪电链（位移）,-1,1,hurt,1,91,,0,1,0,,7,3000,3000,0,1,,,3,,,100,
290061,巨人挥砍,-1,1,hurt,1,91,,0,1,0,,7,3000,3000,0,1,,,1,,,100,
290062,巨人撩砍,-1,1,hurt,1,91,,0,1,0,,7,3000,3000,0,1,,,1,,,100,
290071,毒虫攻击（中毒）,-1,1,hurt,2,91,,0,1,0,,7,3000,3000,0,1,2004002,,1,,,100,
290072,毒虫攻击（中毒）,-1,1,hurt,2,91,,0,1,0,,7,3000,3000,0,1,2004002,,1,,,100,
290081,幽灵攻击,-1,1,hurt,1,91,,0,1,0,,7,3000,3000,0,1,,,1,,,100,
290082,幽灵攻击,-1,1,hurt,1,91,,0,1,0,,7,3000,3000,0,1,,,1,,,100,
290091,地狱蜘蛛真空波（特效）,-1,1,hurt,1,91,,0,1,0,,7,3000,3000,0,1,,,3,,,100,
290092,地狱蜘蛛真空波（特效）,-1,1,hurt,1,91,,0,1,0,,7,3000,3000,0,1,,,3,,,100,
290101,蜘蛛攻击,-1,1,hurt,1,91,,0,1,0,,7,3000,3000,0,1,,,1,,,100,
290102,蜘蛛攻击,-1,1,hurt,1,91,,0,1,0,,7,3000,3000,0,1,,,1,,,100,
290111,独眼巨人挥砍,-1,1,hurt,1,91,,0,1,0,,7,3000,3000,0,1,,,1,,,100,
290112,独眼巨人侧劈,-1,1,hurt,1,91,,0,1,0,,7,3000,3000,0,1,,,1,,,100,
290121,魔鬼戈登龙卷风,-1,1,hurt,1,91,,0,1,1,9100,7,3000,3000,0,99,,,5,,,100,
290122,魔鬼戈登闪电链,-1,1,hurt,1,91,,0,1,0,,7,3000,3000,0,1,,,3,,,100,
290131,雪人双手扔球（子弹）,-1,1,hurt,1,91,,0,1,0,,7,3000,3000,0,1,,,3,,,100,
290132,雪人单手扔球（子弹）,-1,1,hurt,1,91,,0,1,0,,7,3000,3000,0,1,,,3,,,100,
290141,雪人王攻击,-1,1,hurt,1,91,,0,1,0,,7,3000,3000,0,1,,,1,,,100,
290142,雪人王攻击,-1,1,hurt,1,91,,0,1,0,,7,3000,3000,0,1,,,1,,,100,
290151,暗杀者双手攻击,-1,1,hurt,1,91,,0,1,0,,7,3000,3000,0,1,,,1,,,100,
290152,暗杀者单手攻击,-1,1,hurt,1,91,,0,1,0,,7,3000,3000,0,1,,,1,,,100,
290161,寒冰魔攻击（冰冻）,-1,1,hurt,1,91,,0,1,0,,7,3000,3000,0,1,,,2,,,100,
290162,寒冰魔攻击（冰冻）,-1,1,hurt,1,91,,0,1,0,,7,3000,3000,0,1,,,2,,,100,
290171,蓝魔怪侧劈,-1,1,hurt,1,91,,0,1,0,,7,3000,3000,0,1,,,1,,,100,
290172,蓝魔怪重击,-1,1,hurt,1,91,,0,1,0,,7,3000,3000,0,1,,,1,,,100,
290181,雪虫攻击,-1,1,hurt,1,91,,0,1,0,,7,3000,3000,0,1,,,1,,,100,
290182,雪虫攻击,-1,1,hurt,1,91,,0,1,0,,7,3000,3000,0,1,,,1,,,100,
290191,冰后三重真空波（特效）,-1,1,hurt,1,91,,0,1,1,9101,7,3000,3000,0,99,,,5,,,100,
290192,冰后三重真空波（特效）,-1,1,hurt,1,91,,0,1,1,9101,7,3000,3000,0,99,,,5,,,100,
290201,小哥布林劈砍,-1,1,hurt,1,91,,0,1,0,,7,3000,3000,0,1,,,2,,,100,
290202,小哥布林侧劈,-1,1,hurt,1,91,,0,1,0,,7,3000,3000,0,1,,,2,,,100,
290203,大哥布林劈砍,-1,1,hurt,1,91,,0,1,0,,7,3000,3000,0,1,,,2,,,100,
290204,大哥布林侧劈,-1,1,hurt,1,91,,0,1,0,,7,3000,3000,0,1,,,2,,,100,
290211,勾尾蝎攻击,-1,1,hurt,1,91,,0,1,0,,7,3000,3000,0,1,,,2,,,100,
290212,勾尾蝎攻击,-1,1,hurt,1,91,,0,1,0,,7,3000,3000,0,1,,,2,,,100,
290221,瓢虫突刺,-1,1,hurt,1,91,,0,1,0,,7,3000,3000,0,1,,,2,,,100,
290222,瓢虫突刺,-1,1,hurt,1,91,,0,1,0,,7,3000,3000,0,1,,,2,,,100,
290231,偷猎者射击（子弹）,-1,1,hurt,1,91,,0,1,0,,7,3000,3000,0,1,,,3,,,100,
290232,偷猎者射击（子弹）,-1,1,hurt,1,91,,0,1,0,,7,3000,3000,0,1,,,3,,,100,
290241,树妖攻击,-1,1,hurt,1,91,,0,1,0,,7,3000,3000,0,1,,,2,,,100,
290242,树妖攻击,-1,1,hurt,1,91,,0,1,0,,7,3000,3000,0,1,,,2,,,100,
290251,亚昆右手攻击,-1,1,hurt,1,91,,0,1,0,,7,3000,3000,0,1,,,2,,,100,
290252,亚昆左手攻击,-1,1,hurt,1,91,,0,1,0,,7,3000,3000,0,1,,,2,,,100,
290261,石巨人凿击,-1,1,hurt,1,91,,0,1,0,,7,3000,3000,0,1,,,2,,,100,
290262,石巨人拳击,-1,1,hurt,1,91,,0,1,0,,7,3000,3000,0,1,,,2,,,100,
290271,恶魔红色掌心雷（未做特效）,-1,1,hurt,1,91,,0,1,0,,7,3000,3000,0,1,,,2,,,100,
290272,恶魔红色掌心雷,-1,1,hurt,1,91,,0,1,0,,7,3000,3000,0,1,,,2,,,100,
290281,魔王巴洛克地裂陨石术,-1,1,hurt,1,91,,0,1,1,9105,7,3000,3000,0,99,,,5,,,100,
290282,魔王巴洛克劈砍,-1,1,hurt,1,91,,0,1,1,9105,7,3000,3000,0,99,,,5,,,100,
290291,鬼魅攻击,-1,1,hurt,1,91,,0,1,0,,7,3000,3000,0,1,,,2,,,100,
290292,鬼魅攻击,-1,1,hurt,1,91,,0,1,0,,7,3000,3000,0,1,,,2,,,100,
290301,死神骑士攻击,-1,1,hurt,1,91,,0,1,0,,7,3000,3000,0,1,,,2,,,100,
290302,死神骑士攻击,-1,1,hurt,1,91,,0,1,0,,7,3000,3000,0,1,,,2,,,100,
290311,牛魔王砸,-1,1,hurt,1,91,,0,1,0,,7,3000,3000,0,1,,,2,,,100,
290312,牛魔王摇头,-1,1,hurt,1,91,,0,1,0,,7,3000,3000,0,1,,,2,,,100,
290321,火龙王喷火,-1,1,hurt,1,91,,0,1,1,9100,7,3000,3000,0,99,900012,,5,,,100,
290322,火龙王摇头,-1,1,hurt,1,91,,0,1,1,9103,7,3000,3000,0,99,900012,,2,,,100,
290323,火龙王飞行,-1,1,hurt,1,91,,0,1,0,,7,3000,3000,0,1,,,2,,,100,
290331,守护兽巴里右勾拳,-1,1,hurt,1,91,,0,1,0,,7,3000,3000,0,1,,,2,,,100,
290332,守护兽巴里左勾拳,-1,1,hurt,1,91,,0,1,0,,7,3000,3000,0,1,,,2,,,100,
290333,守护兽巴里站立,-1,1,hurt,1,91,,0,1,0,,7,3000,3000,0,1,,,2,,,100,
290334,守护兽巴里侧踢,-1,1,hurt,1,91,,0,1,0,,7,3000,3000,0,1,,,2,,,100,
290341,小巴哈姆特,-1,1,hurt,1,91,,0,1,0,,7,3000,3000,0,1,,,2,,,100,
290342,小巴哈姆特,-1,1,hurt,1,91,,0,1,0,,7,3000,3000,0,1,,,2,,,100,
290343,大巴哈姆特,-1,1,hurt,1,91,,0,1,0,,7,3000,3000,0,1,,,2,,,100,
290344,大巴哈姆特,-1,1,hurt,1,91,,0,1,0,,7,3000,3000,0,1,,,2,,,100,
290351,死亡美人鱼死亡光线,-1,1,hurt,1,91,,0,1,0,,7,3000,3000,0,1,,,4,,,100,
290352,死亡美人鱼死亡光线,-1,1,hurt,1,91,,0,1,0,,7,3000,3000,0,1,,,4,,,100,
290361,蓝翼海怪射击（子弹）,-1,1,hurt,1,91,,0,1,0,,7,3000,3000,0,1,,,3,,,100,
290362,蓝翼海怪射击（子弹）,-1,1,hurt,1,91,,0,1,0,,7,3000,3000,0,1,,,3,,,100,
290363,银弓海怪射击（子弹）,-1,1,hurt,1,91,,0,1,0,,7,3000,3000,0,1,,,3,,,100,
290364,银弓海怪射击（子弹）,-1,1,hurt,1,91,,0,1,0,,7,3000,3000,0,1,,,3,,,100,
290371,巫师王红色密集闪电,-1,1,hurt,1,91,,0,1,0,,7,3000,3000,0,1,,,2,,,100,
290372,巫师王红色密集闪电,-1,1,hurt,1,91,,0,1,0,,7,3000,3000,0,1,,,2,,,100,
290381,海魔希特拉激光炮,-1,1,hurt,1,91,,0,1,1,9100,7,3000,3000,0,99,,,5,,,100,
290382,海魔希特拉范围光柱,-1,1,hurt,1,91,,0,1,1,9104,7,3000,3000,0,99,,,5,,,100,
290391,海虫咬人,-1,1,hurt,1,91,,0,1,0,,7,3000,3000,0,1,,,2,,,100,
290392,海虫咬人,-1,1,hurt,1,91,,0,1,0,,7,3000,3000,0,1,,,2,,,100,
290401,泰坦攻击,-1,1,hurt,1,91,,0,1,0,,7,3000,3000,0,1,,,2,,,100,
290402,泰坦重击,-1,1,hurt,1,91,,0,1,0,,7,3000,3000,0,1,,,2,,,100,
290411,黄金斗士射击（子弹）,-1,1,hurt,1,91,,0,1,0,,7,3000,3000,0,1,,,3,,,100,
290412,黄金斗士射击（子弹）,-1,1,hurt,1,91,,0,1,0,,7,3000,3000,0,1,,,3,,,100,
290421,铁轮战士射击（子弹）,-1,1,hurt,1,91,,0,1,0,,7,3000,3000,0,1,,,3,,,100,
290422,铁轮战士射击（子弹）,-1,1,hurt,1,91,,0,1,0,,7,3000,3000,0,1,,,3,,,100,
290431,破坏骑士震地（特效）,-1,1,hurt,1,91,,0,1,0,,7,3000,3000,0,1,,,3,,,100,
290432,破坏骑士震地（特效）,-1,1,hurt,1,91,,0,1,0,,7,3000,3000,0,1,,,3,,,100,
290433,魔王扎坎震地,-1,1,hurt,1,91,,0,1,1,9103,7,3000,3000,0,99,,,2,,,100,
290434,魔王扎坎飞剑,-1,1,hurt,1,91,,0,1,1,9104,7,3000,3000,0,99,,,5,,,100,
290441,巨齿兽攻击,-1,1,hurt,1,91,,0,1,0,,7,3000,3000,0,1,,,2,,,100,
290442,巨齿兽攻击,-1,1,hurt,1,91,,0,1,0,,7,3000,3000,0,1,,,2,,,100,
290451,黑炎魔转圈火焰黄色闪电链（位移）,-1,1,hurt,1,91,,0,1,0,,7,3000,3000,0,1,,,4,,,100,
290452,黑炎魔转圈火焰黄色闪电链（位移）,-1,1,hurt,1,91,,0,1,0,,7,3000,3000,0,1,,,4,,,100,
290453,炽炎魔转圈火焰,-1,1,hurt,1,91,,0,1,1,9103,7,3000,3000,0,99,,,2,,,100,
290454,炽炎魔冰雹,-1,1,hurt,1,91,,0,1,1,9105,7,3000,3000,0,99,,,5,,,100,
290461,铁脊怪翻滚攻击,-1,1,hurt,1,91,,0,1,0,,7,3000,3000,0,1,,,2,,,100,
290462,铁脊怪翻滚攻击,-1,1,hurt,1,91,,0,1,0,,7,3000,3000,0,1,,,2,,,100,
290471,假面弓手射击（子弹）,-1,1,hurt,1,91,,0,1,0,,7,3000,3000,0,1,,,3,,,100,
290472,假面弓手射击（子弹）,-1,1,hurt,1,91,,0,1,0,,7,3000,3000,0,1,,,3,,,100,
290481,假面武士攻击,-1,1,hurt,1,91,,0,1,0,,7,3000,3000,0,1,,,2,,,100,
290482,假面武士攻击,-1,1,hurt,1,91,,0,1,0,,7,3000,3000,0,1,,,2,,,100,
290491,诅咒之王转圈火焰,-1,1,hurt,1,91,,0,1,0,,7,3000,3000,0,1,,,2,,,100,
290492,诅咒之王红色闪电链,-1,1,hurt,1,91,,0,1,0,,7,3000,3000,0,1,,,4,,,100,
290501,无,-1,1,hurt,1,91,,0,1,0,,7,3000,3000,0,1,,,2,,,100,
290502,无,-1,1,hurt,1,91,,0,1,0,,7,3000,3000,0,1,,,2,,,100,
290511,阿卡摩斯粒子射击（子弹旋转）,-1,1,hurt,1,91,,0,1,0,,7,3000,3000,0,1,,,8,,,100,
290512,阿卡摩斯粒子射击（子弹旋转）,-1,1,hurt,1,91,,0,1,0,,7,3000,3000,0,1,,,8,,,100,
290521,风后天降粒子,-1,1,hurt,1,91,,0,1,0,,7,3000,3000,0,1,,,5,,,100,
290522,风后天降粒子,-1,1,hurt,1,91,,0,1,0,,7,3000,3000,0,1,,,5,,,100,
290531,恶灵转圈火焰,-1,1,hurt,1,91,,0,1,0,,7,3000,3000,0,1,,,2,,,100,
290532,恶灵转圈火焰,-1,1,hurt,1,91,,0,1,0,,7,3000,3000,0,1,,,2,,,100,
290533,恶灵王转圈火焰,-1,1,hurt,1,91,,0,1,0,,7,3000,3000,0,1,,,2,,,100,
290534,恶灵王转圈火焰,-1,1,hurt,1,91,,0,1,0,,7,3000,3000,0,1,,,2,,,100,
290541,幻影骑士劈砍,-1,1,hurt,1,91,,0,1,0,,7,3000,3000,0,1,,,2,,,100,
290542,幻影骑士8方向攻击,-1,1,hurt,1,91,,0,1,1,9102,7,3000,3000,0,99,,,5,,,100,
290551,蓝魔龙喷射,-1,1,hurt,1,91,,0,1,0,,7,3000,3000,0,1,,,2,,,100,
290552,蓝魔龙转圈火焰天降火焰,-1,1,hurt,1,91,,0,1,0,,7,3000,3000,0,1,,,2,,,100,
290553,蓝魔龙喷射,-1,1,hurt,1,91,,0,1,0,,7,3000,3000,0,1,,,2,,,100,
290554,蓝魔龙转圈火焰天降火焰,-1,1,hurt,1,91,,0,1,0,,7,3000,3000,0,1,,,2,,,100,
290561,凤凰攻击,-1,1,hurt,1,91,,0,1,0,,7,3000,3000,0,1,,,2,,,100,
290562,凤凰攻击,-1,1,hurt,1,91,,0,1,0,,7,3000,3000,0,1,,,2,,,100,
290571,天魔菲尼斯扇形火焰,-1,1,hurt,1,91,,0,1,1,9106,7,3000,3000,0,99,,,5,,,100,
290572,天魔菲尼斯闪电链,-1,1,hurt,1,91,,0,1,0,,7,3000,3000,0,1,,,4,,,100,
290581,骷灵骑士攻击,-1,1,hurt,1,91,,0,1,0,,7,3000,3000,0,1,,,2,,,100,
290582,骷灵骑士攻击,-1,1,hurt,1,91,,0,1,0,,7,3000,3000,0,1,,,2,,,100,
290591,骷灵兽喷火,-1,1,hurt,1,91,,0,1,0,,7,3000,3000,0,1,,,2,,,100,
290592,骷灵兽喷火,-1,1,hurt,1,91,,0,1,0,,7,3000,3000,0,1,,,2,,,100,
290601,骷灵战士劈砍,-1,1,hurt,1,91,,0,1,0,,7,3000,3000,0,1,,,2,,,100,
290602,骷灵战士劈砍,-1,1,hurt,1,91,,0,1,0,,7,3000,3000,0,1,,,2,,,100,
290611,无,-1,1,hurt,1,91,,0,1,0,,7,3000,3000,0,1,,,2,,,100,
290612,无,-1,1,hurt,1,91,,0,1,0,,7,3000,3000,0,1,,,2,,,100,
290621,无,-1,1,hurt,1,91,,0,1,0,,7,3000,3000,0,1,,,2,,,100,
290622,无,-1,1,hurt,1,91,,0,1,0,,7,3000,3000,0,1,,,2,,,100,
290631,骷灵巫师转圈火焰陨石术,-1,1,hurt,1,91,,0,1,0,,7,3000,3000,0,1,,,2,,,100,
290632,骷灵巫师红色闪电链（位移）,-1,1,hurt,1,91,,0,1,0,,7,3000,3000,0,1,,,4,,,100,
290641,死亡天使闪电球,-1,1,hurt,1,91,,0,1,0,,7,3000,3000,0,1,,,2,,,100,
290642,死亡天使闪电球,-1,1,hurt,1,91,,0,1,0,,7,3000,3000,0,1,,,2,,,100,
290651,昆顿直线攻击,-1,1,hurt,1,91,,0,1,1,9100,7,3000,3000,0,99,,,5,,,100,
290652,昆顿范围攻击,-1,1,hurt,1,91,,0,1,1,9104,7,3000,3000,0,99,,,5,,,100,
290653,魔王昆顿,-1,1,hurt,1,91,,0,1,1,9101,7,3000,3000,0,99,,,5,,,100,
290654,魔王昆顿,-1,1,hurt,1,91,,0,1,1,9104,7,3000,3000,0,99,,,5,,,100,
290661,龙虾攻击,-1,1,hurt,1,91,,0,1,0,,7,3000,3000,0,1,,,2,,,100,
290662,龙虾闪电球,-1,1,hurt,1,91,,0,1,0,,7,3000,3000,0,1,,,2,,,100,
290671,阿卡斯挥手攻击（拖尾）,-1,1,hurt,1,91,,0,1,0,,7,3000,3000,0,1,,,2,,,100,
290672,阿卡斯双手凿击,-1,1,hurt,1,91,,0,1,0,,7,3000,3000,0,1,,,2,,,100,
290681,武士攻击（拖尾）,-1,1,hurt,1,91,,0,1,0,,7,3000,3000,0,1,,,2,,,100,
290682,武士攻击（拖尾）,-1,1,hurt,1,91,,0,1,0,,7,3000,3000,0,1,,,2,,,100,
290691,暗黑巫师攻击,-1,1,hurt,1,91,,0,1,0,,7,3000,3000,0,1,,,4,,,100,
290692,暗黑巫师毒攻击（中毒）,-1,1,hurt,1,91,,0,1,0,,7,3000,3000,0,1,,,4,,,100,
290701,暗黑傀儡劈砍,-1,1,hurt,1,91,,0,1,0,,7,3000,3000,0,1,,,2,,,100,
290702,暗黑傀儡劈砍,-1,1,hurt,1,91,,0,1,0,,7,3000,3000,0,1,,,2,,,100,
290711,无,-1,1,hurt,1,91,,0,1,0,,7,3000,3000,0,1,,,2,,,100,
290712,无,-1,1,hurt,1,91,,0,1,0,,7,3000,3000,0,1,,,2,,,100,
290721,无,-1,1,hurt,1,91,,0,1,0,,7,3000,3000,0,1,,,2,,,100,
290722,无,-1,1,hurt,1,91,,0,1,0,,7,3000,3000,0,1,,,2,,,100,
290731,无,-1,1,hurt,1,91,,0,1,0,,7,3000,3000,0,1,,,2,,,100,
290732,无,-1,1,hurt,1,91,,0,1,0,,7,3000,3000,0,1,,,2,,,100,
290741,无,-1,1,hurt,1,91,,0,1,0,,7,3000,3000,0,1,,,2,,,100,
290742,无,-1,1,hurt,1,91,,0,1,0,,7,3000,3000,0,1,,,2,,,100,
290751,无,-1,1,hurt,1,91,,0,1,0,,7,3000,3000,0,1,,,2,,,100,
290752,无,-1,1,hurt,1,91,,0,1,0,,7,3000,3000,0,1,,,2,,,100,
290761,无,-1,1,hurt,1,91,,0,1,0,,7,3000,3000,0,1,,,2,,,100,
290762,无,-1,1,hurt,1,91,,0,1,0,,7,3000,3000,0,1,,,2,,,100,
290771,未知,-1,1,hurt,1,91,,0,1,0,,7,3000,3000,0,1,,,2,,,100,
290772,未知,-1,1,hurt,1,91,,0,1,0,,7,3000,3000,0,1,,,2,,,100,
290781,未知,-1,1,hurt,1,91,,0,1,0,,7,3000,3000,0,1,,,2,,,100,
290782,未知,-1,1,hurt,1,91,,0,1,0,,7,3000,3000,0,1,,,2,,,100,
290791,无,-1,1,hurt,1,91,,0,1,0,,7,3000,3000,0,1,,,2,,,100,
290792,无,-1,1,hurt,1,91,,0,1,0,,7,3000,3000,0,1,,,2,,,100,
290801,神堡冲击炮,-1,1,hurt,2,91,,0,1,1,9107,7,3000,3000,0,99,900011,,5,,,100,
290802,无,-1,1,hurt,1,91,,0,1,0,,7,3000,3000,0,1,,,2,,,100,
290811,无,-1,1,hurt,1,91,,0,1,0,,7,3000,3000,0,1,,,2,,,100,
290812,无,-1,1,hurt,1,91,,0,1,0,,7,3000,3000,0,1,,,2,,,100,
290821,冷血变异者攻击,-1,1,hurt,1,91,,0,1,0,,7,3000,3000,0,1,,,2,,,100,
290822,冷血变异者攻击,-1,1,hurt,1,91,,0,1,0,,7,10000,3000,0,1,,,2,,,100,
290831,熔岩巨魔捶地火柱,-1,1,hurt,1,91,,0,1,0,,7,3000,3000,0,1,,,2,,,100,
290832,熔岩巨魔双手攻击,-1,1,hurt,1,91,,0,1,0,,7,10000,3000,0,1,,,2,,,100,
290841,嗜血蜂后普通攻击,-1,1,hurt,1,91,,0,1,0,,7,3000,3000,0,1,,,2,,,100,
290842,嗜血蜂后闪电链（位移）,-1,1,hurt,1,91,,0,1,0,,7,10000,3000,0,1,,,4,,,100,
290851,毒巨魔,-1,1,hurt,1,91,,0,1,0,,7,3000,3000,0,1,,,2,,,100,
290852,毒巨魔,-1,1,hurt,1,91,,0,1,0,,7,10000,3000,0,1,,,2,,,100,
290861,巨斧战士攻击（拖尾）,-1,1,hurt,1,91,,0,1,0,,7,3000,3000,0,1,,,2,,,100,
290862,巨斧战士攻击（拖尾）,-1,1,hurt,1,91,,0,1,0,,7,10000,3000,0,1,,,2,,,100,
290871,无,-1,1,hurt,1,91,,0,1,0,,7,3000,3000,0,1,,,2,,,100,
290872,无,-1,1,hurt,1,91,,0,1,0,,7,3000,3000,0,1,,,2,,,100,
290881,炼狱魔王攻击,-1,1,hurt,1,91,,0,1,0,,7,3000,3000,0,1,,,2,,,100,
290882,炼狱魔王地爆天星,-1,1,hurt,1,91,,0,1,0,,7,10000,3000,0,1,,,2,,,100,
290891,无,-1,1,hurt,1,91,,0,1,0,,7,3000,3000,0,1,,,2,,,100,
290892,无,-1,1,hurt,1,91,,0,1,0,,7,3000,3000,0,1,,,2,,,100,
290901,巴卡斯司令攻击,-1,1,hurt,1,91,,0,1,0,,7,3000,3000,0,1,,,2,,,100,
290902,巴卡斯司令攻击,-1,1,hurt,1,91,,0,1,0,,7,3000,3000,0,1,,,2,,,100,
290903,巴卡斯司令攻击下盘,-1,1,hurt,1,91,,0,1,0,,7,3000,3000,0,1,,,2,,,100,
290904,巴卡斯司令甩头,-1,1,hurt,1,91,,0,1,0,,7,3000,3000,0,1,,,2,,,100,
290911,无,-1,1,hurt,1,91,,0,1,0,,7,3000,3000,0,1,,,2,,,100,
290912,无,-1,1,hurt,1,91,,0,1,0,,7,3000,3000,0,1,,,2,,,100,
290921,暗黑防御者攻击,-1,1,hurt,1,91,,0,1,0,,7,3000,3000,0,1,,,6,,,100,
290922,暗黑防御者攻击,-1,1,hurt,1,91,,0,1,0,,7,3000,3000,0,1,,,6,,,100,
290931,暗黑指挥官攻击,-1,1,hurt,1,91,,0,1,0,,7,3000,3000,0,1,,,6,,,100,
290932,暗黑指挥官攻击,-1,1,hurt,1,91,,0,1,0,,7,3000,3000,0,1,,,6,,,100,
290933,暗黑指挥官攻击,-1,1,hurt,1,91,,0,1,0,,7,3000,3000,0,1,,,6,,,100,
290934,暗黑指挥官攻击,-1,1,hurt,1,91,,0,1,0,,7,3000,3000,0,1,,,6,,,100,
290941,暗黑咒术师,-1,1,hurt,1,91,,0,1,0,,7,3000,3000,0,1,,,6,,,100,
290942,暗黑咒术师,-1,1,hurt,1,91,,0,1,0,,7,3000,3000,0,1,,,6,,,100,
290951,暗黑扫荡者,-1,1,hurt,1,91,,0,1,0,,7,3000,3000,0,1,,,1,,,100,
290952,暗黑扫荡者,-1,1,hurt,1,91,,0,1,0,,7,3000,3000,0,1,,,1,,,100,
290961,暗黑血狼人攻击,-1,1,hurt,1,91,,0,1,0,,7,3000,3000,0,1,,,1,,,100,
290962,暗黑血狼人攻击,-1,1,hurt,1,91,,0,1,0,,7,3000,3000,0,1,,,1,,,100,
290971,魔弓侦察兵射击,-1,1,hurt,1,91,,0,1,0,,7,3000,3000,0,1,,,6,,,100,
290972,魔弓侦察兵射击,-1,1,hurt,1,91,,0,1,0,,7,3000,3000,0,1,,,6,,,100,
290981,长矛侦察兵攻击,-1,1,hurt,1,91,,0,1,0,,7,3000,3000,0,1,,,1,,,100,
290982,长矛侦察兵攻击,-1,1,hurt,1,91,,0,1,0,,7,3000,3000,0,1,,,1,,,100,
290991,刺锤侦察兵攻击,-1,1,hurt,1,91,,0,1,0,,7,3000,3000,0,1,,,1,,,100,
290992,刺锤侦察兵攻击,-1,1,hurt,1,91,,0,1,0,,7,3000,3000,0,1,,,1,,,100,
291001,巨弩发射器射击,-1,1,hurt,1,91,,0,1,0,,7,3000,3000,0,1,,,6,,,100,
291002,巨弩发射器射击,-1,1,hurt,1,91,,0,1,0,,7,3000,3000,0,1,,,6,,,100,
291011,丛林女法师攻击,-1,1,hurt,1,91,,0,1,0,,7,3000,3000,0,1,,,2,,,100,
291012,丛林女巫师旋转流光(概率束缚）,-1,1,hurt,1,91,,0,1,0,,7,3000,3000,0,1,,,2,,,100,
291021,丛林生命体拳击,-1,1,hurt,1,91,,0,1,0,,7,3000,3000,0,1,,,2,,,100,
291022,丛林生命体对拳（特效）,-1,1,hurt,1,91,,0,1,0,,7,3000,3000,0,1,,,2,,,100,
291031,丛林暗杀者攻击,-1,1,hurt,1,91,,0,1,0,,7,3000,3000,0,1,,,2,,,100,
291032,丛林暗杀者攻击,-1,1,hurt,1,91,,0,1,0,,7,3000,3000,0,1,,,2,,,100,
291041,丛林残暴者攻击（拖尾）,-1,1,hurt,1,91,,0,1,0,,7,3000,3000,0,1,,,2,,,100,
291042,丛林残暴者攻击（拖尾）,-1,1,hurt,1,91,,0,1,0,,7,3000,3000,0,1,,,2,,,100,
291051,丛林树精灵攻击,-1,1,hurt,1,91,,0,1,0,,7,3000,3000,0,1,,,2,,,100,
291052,丛林树精灵攻击,-1,1,hurt,1,91,,0,1,0,,7,3000,3000,0,1,,,2,,,100,
291061,丛林召唤者火焰龙卷风,-1,1,hurt,1,91,,0,1,1,9102,7,3000,3000,0,99,,,5,,,100,
291062,丛林召唤者火焰炮（位移）,-1,1,hurt,1,91,,0,1,1,9100,7,3000,3000,0,99,,,5,,,100,
291071,疯魔跳劈,-1,1,hurt,1,91,,0,1,1,9103,7,3000,3000,0,99,,,2,,,100,
291072,疯魔跳劈,-1,1,hurt,1,91,,0,1,1,9103,7,3000,3000,0,99,,,2,,,100,
291081,裂角狼吼叫,-1,1,hurt,1,91,,0,1,0,,7,3000,3000,0,1,,,2,,,100,
291082,裂角狼攻击,-1,1,hurt,1,91,,0,1,0,,7,3000,3000,0,1,,,2,,,100,
291091,金甲兽射击,-1,1,hurt,1,91,,0,1,0,,7,3000,3000,0,1,,,3,,,100,
291092,金甲兽射击,-1,1,hurt,1,91,,0,1,0,,7,3000,3000,0,1,,,3,,,100,
291101,半兽人攻击（拖尾）,-1,1,hurt,1,91,,0,1,0,,7,3000,3000,0,1,,,2,,,100,
291102,半兽人攻击（拖尾）,-1,1,hurt,1,91,,0,1,0,,7,3000,3000,0,1,,,2,,,100,
291111,刀刃猎手左勾拳（拖尾）,-1,1,hurt,1,91,,0,1,0,,7,3000,3000,0,1,,,2,,,100,
291112,刀刃猎手右勾拳（拖尾）,-1,1,hurt,1,91,,0,1,0,,7,3000,3000,0,1,,,2,,,100,
291121,寒冰刺客射击,-1,1,hurt,1,91,,0,1,0,,7,3000,3000,0,1,,,3,,,100,
291122,寒冰刺客射击,-1,1,hurt,1,91,,0,1,0,,7,3000,3000,0,1,,,3,,,100,
291131,狂巨人攻击(拖尾）,-1,1,hurt,1,91,,0,1,0,,7,3000,3000,0,1,,,2,,,100,
291132,狂巨人攻击(拖尾）,-1,1,hurt,1,91,,0,1,0,,7,3000,3000,0,1,,,2,,,100,
291141,屠杀者轮锤(拖尾),-1,1,hurt,1,91,,0,1,1,9103,7,3000,3000,0,99,,,2,,,100,
291142,屠杀者轮锤(拖尾),-1,1,hurt,1,91,,0,1,1,9103,7,3000,3000,0,99,,,2,,,100,
291151,假面巫龙卷风,-1,1,hurt,1,91,,0,1,0,,7,3000,3000,0,1,,,2,,,100,
291152,假面巫黑龙波,-1,1,hurt,1,91,,0,1,0,,7,3000,3000,0,1,,,2,,,100,
291161,毒步妖攻击(粒子聚合）,-1,1,hurt,1,91,,0,1,0,,7,3000,3000,0,1,,,2,,,100,
291162,毒步妖攻击(粒子聚合）,-1,1,hurt,1,91,,0,1,0,,7,3000,3000,0,1,,,2,,,100,
291171,恐惧天使攻击(残影),-1,1,hurt,1,91,,0,1,0,,7,3000,3000,0,1,,,2,,,100,
291172,恐惧天使攻击(残影),-1,1,hurt,1,91,,0,1,0,,7,3000,3000,0,1,,,2,,,100,
291181,咒怨魔王攻击,-1,1,hurt,1,91,,0,1,1,9101,7,3000,3000,0,99,,,5,,,100,
291182,咒怨魔王攻击,-1,1,hurt,1,91,,0,1,1,9103,7,3000,3000,0,99,,,2,,,100,
291191,玛雅之左手攻击,-1,1,hurt,1,91,,0,1,1,9103,7,3000,3000,0,99,,,2,,,100,
291192,玛雅之左手攻击,-1,1,hurt,1,91,,0,1,1,9105,7,3000,3000,0,99,,,5,,,100,
291201,玛雅之右手攻击,-1,1,hurt,1,91,,0,1,1,9103,7,3000,3000,0,99,,,2,,,100,
291202,玛雅之右手攻击,-1,1,hurt,1,91,,0,1,1,9105,7,3000,3000,0,99,,,5,,,100,
291211,无,-1,1,hurt,1,91,,0,1,0,,7,3000,3000,0,1,,,2,,,100,
291212,无,-1,1,hurt,1,91,,0,1,0,,7,3000,3000,0,1,,,2,,,100,
291221,无,-1,1,hurt,1,91,,0,1,0,,7,3000,3000,0,1,,,2,,,100,
291222,无,-1,1,hurt,1,91,,0,1,0,,7,3000,3000,0,1,,,2,,,100,
291231,福袋攻击,-1,1,hurt,1,91,,0,1,0,,7,3000,3000,0,1,,,2,,,100,
291232,福袋攻击,-1,1,hurt,1,91,,0,1,0,,7,3000,3000,0,1,,,2,,,100,
291241,未知,-1,1,hurt,1,91,,0,1,0,,7,3000,3000,0,1,,,2,,,100,
291242,未知,-1,1,hurt,1,91,,0,1,0,,7,3000,3000,0,1,,,2,,,100,
291251,未知,-1,1,hurt,1,91,,0,1,0,,7,3000,3000,0,1,,,2,,,100,
291252,未知,-1,1,hurt,1,91,,0,1,0,,7,3000,3000,0,1,,,2,,,100,
291261,未知,-1,1,hurt,1,91,,0,1,0,,7,3000,3000,0,1,,,2,,,100,
291262,未知,-1,1,hurt,1,91,,0,1,0,,7,3000,3000,0,1,,,2,,,100,
291271,未知,-1,1,hurt,1,91,,0,1,0,,7,3000,3000,0,1,,,2,,,100,
291272,未知,-1,1,hurt,1,91,,0,1,0,,7,3000,3000,0,1,,,2,,,100,
291281,月兔呼吸,-1,1,hurt,1,91,,0,1,0,,7,3000,3000,0,1,,,2,,,100,
291282,月兔挠脸,-1,1,hurt,1,91,,0,1,0,,7,3000,3000,0,1,,,2,,,100,
291291,怪异的兔子攻击,-1,1,hurt,1,91,,0,1,0,,7,3000,3000,0,1,,,2,,,100,
291292,怪异的兔子攻击,-1,1,hurt,1,91,,0,1,0,,7,3000,3000,0,1,,,2,,,100,
291301,疯狂的兔子攻击,-1,1,hurt,1,91,,0,1,0,,7,3000,3000,0,1,,,2,,,100,
291302,疯狂的兔子攻击,-1,1,hurt,1,91,,0,1,0,,7,3000,3000,0,1,,,2,,,100,
291311,狼人劈砍(拖尾),-1,1,hurt,1,91,,0,1,0,,7,3000,3000,0,1,,,2,,,100,
291312,狼人劈砍(拖尾),-1,1,hurt,1,91,,0,1,0,,7,3000,3000,0,1,,,2,,,100,
291321,污染之蝶攻击,-1,1,hurt,1,91,,0,1,0,,7,3000,3000,0,1,,,2,,,100,
291322,污染之蝶攻击,-1,1,hurt,1,91,,0,1,0,,7,3000,3000,0,1,,,2,,,100,
291331,诅咒巫师,-1,1,hurt,1,91,,0,1,0,,7,3000,3000,0,1,,,2,,,100,
291332,诅咒巫师,-1,1,hurt,1,91,,0,1,0,,7,3000,3000,0,1,,,2,,,100,
291341,图腾树人攻击,-1,1,hurt,1,91,,0,1,0,,7,3000,3000,0,1,,,2,,,100,
291342,图腾树人攻击,-1,1,hurt,1,91,,0,1,0,,7,3000,3000,0,1,,,2,,,100,
291351,灰熊攻击,-1,1,hurt,1,91,,0,1,0,,7,3000,3000,0,1,,,2,,,100,
291352,灰熊攻击,-1,1,hurt,1,91,,0,1,0,,7,3000,3000,0,1,,,2,,,100,
291361,残暴的灰熊攻击,-1,1,hurt,1,91,,0,1,0,,7,3000,3000,0,1,,,2,,,100,
291362,残暴的灰熊攻击,-1,1,hurt,1,91,,0,1,0,,7,3000,3000,0,1,,,2,,,100,
291371,树妖,-1,1,hurt,1,91,,0,1,0,,7,3000,3000,0,1,,,2,,,100,
291372,树妖,-1,1,hurt,1,91,,0,1,0,,7,3000,3000,0,1,,,2,,,100,
291381,毒树妖,-1,1,hurt,1,91,,0,1,0,,7,3000,3000,0,1,,,2,,,100,
291382,毒树妖,-1,1,hurt,1,91,,0,1,0,,7,3000,3000,0,1,,,2,,,100,
291391,残忍的树妖,-1,1,hurt,1,91,,0,1,0,,7,3000,3000,0,1,,,2,,,100,
291392,残忍的树妖,-1,1,hurt,1,91,,0,1,0,,7,3000,3000,0,1,,,2,,,100,
291401,暗影爪牙攻击,-1,1,hurt,1,91,,0,1,0,,7,3000,3000,0,1,,,2,,,100,
291402,暗影爪牙攻击,-1,1,hurt,1,91,,0,1,0,,7,3000,3000,0,1,,,2,,,100,
291411,暗影骑士攻击(冰冻),-1,1,hurt,1,91,,0,1,0,,7,3000,3000,0,1,,,2,,,100,
291412,暗影骑士攻击(冰冻),-1,1,hurt,1,91,,0,1,0,,7,3000,3000,0,1,,,2,,,100,
291421,暗影武士攻击,-1,1,hurt,1,91,,0,1,0,,7,3000,3000,0,1,,,2,,,100,
291422,暗影武士攻击,-1,1,hurt,1,91,,0,1,0,,7,10000,3000,0,1,,,2,,,100,
291431,闪电巨人攻击,-1,1,hurt,1,91,,0,1,1,9103,7,3000,3000,0,99,,,2,,,100,
291432,闪电巨人拍地（电球）,-1,1,hurt,1,91,,0,1,1,9103,7,10000,3000,0,99,,,2,,,100,
291441,幽灵巨人攻击(中毒),-1,1,hurt,1,91,,0,1,1,9103,7,3000,3000,0,99,,,2,,,100,
291442,幽灵巨人攻击(中毒),-1,1,hurt,1,91,,0,1,1,9103,7,10000,3000,0,99,,,2,,,100,
291451,火焰巨人攻击,-1,1,hurt,1,91,,0,1,1,9103,7,3000,3000,0,99,,,2,,,100,
291452,火焰巨人攻击,-1,1,hurt,1,91,,0,1,1,9103,7,10000,3000,0,99,,,2,,,100,
291461,冰之魔犬爪子攻击,-1,1,hurt,1,91,,0,1,0,,7,3000,3000,0,1,,,2,,,100,
291462,冰之魔犬吐息(冰冻),-1,1,hurt,1,91,,0,1,0,,7,3000,3000,0,1,,,2,,,100,
291471,冰之魔象攻击,-1,1,hurt,1,91,,0,1,0,,7,3000,3000,0,1,,,2,,,100,
291472,冰之魔象攻击,-1,1,hurt,1,91,,0,1,0,,7,3000,3000,0,1,,,2,,,100,
291481,冰之巨魔攻击,-1,1,hurt,1,91,,0,1,0,,7,3000,3000,0,1,,,2,,,100,
291482,冰之巨魔攻击,-1,1,hurt,1,91,,0,1,0,,7,3000,3000,0,1,,,2,,,100,
291491,冰之魔蛛攻击,-1,1,hurt,1,91,,0,1,0,,7,3000,3000,0,1,,,2,,,100,
291492,冰之魔蛛攻击,-1,1,hurt,1,91,,0,1,0,,7,3000,3000,0,1,,,2,,,100,
291501,冰铁剑魂攻击,-1,1,hurt,1,91,,0,1,0,,7,3000,3000,0,1,,,2,,,100,
291502,冰铁剑魂攻击,-1,1,hurt,1,91,,0,1,0,,7,10000,3000,0,1,,,2,,,100,
291511,冰霜巨蛛冰雹,-1,1,hurt,1,91,,0,1,1,9105,7,3000,3000,0,99,,,5,,,100,
291512,冰霜巨蛛躲地,-1,1,hurt,1,91,,0,1,1,9103,7,10000,3000,0,99,,,2,,,100,
291513,剧毒巨蛛攻击,-1,1,hurt,1,91,,0,1,1,9105,7,3000,3000,0,99,,,5,,,100,
291514,剧毒巨蛛攻击,-1,1,hurt,1,91,,0,1,1,9103,7,3000,3000,0,99,,,2,,,100,
291551,伞,-1,1,hurt,1,91,,0,1,0,,7,1000,1000,0,1,,,2,,,100,
291552,伞,-1,1,hurt,1,91,,0,1,0,,7,1000,1000,0,1,,,2,,,100,
291601,未知,-1,1,hurt,1,91,,0,1,0,,7,1000,1000,0,1,,,2,,,100,
291602,未知,-1,1,hurt,1,91,,0,1,0,,7,1000,1000,0,1,,,2,,,100,
291611,骷髅兵,-1,1,hurt,1,91,,0,1,0,,7,1000,1000,0,1,,,2,,,100,
291612,骷髅兵,-1,1,hurt,1,91,,0,1,0,,7,1000,1000,0,1,,,2,,,100,
291621,骷髅弓箭手,-1,1,hurt,1,91,,0,1,0,,7,1000,1000,0,1,,,8,,,100,
291622,骷髅弓箭手,-1,1,hurt,1,91,,0,1,0,,7,1000,1000,0,1,,,8,,,100,
291631,骷髅战士,-1,1,hurt,1,91,,0,1,0,,7,1000,1000,0,1,,,2,,,100,
291632,骷髅战士,-1,1,hurt,1,91,,0,1,0,,7,1000,1000,0,1,,,2,,,100,
291641,诅咒巫师闪电链,-1,1,hurt,1,91,,0,1,0,,7,1000,1000,0,1,,,3,,,100,
291642,诅咒巫师闪电链,-1,1,hurt,1,91,,0,1,0,,7,1000,1000,0,1,,,3,,,100,
291651,怪物弓箭手,-1,1,hurt,1,91,,0,1,1,91651,7,1000,1000,0,1,,,3,,,100,
291661,怪物袭风刺,-1,1,hurt,1,91,,0,1,1,11110100,1,1000,1000,0,99,,,2,,,100,
291671,怪物极光,-1,1,hurt,1,91,,0,1,1,12140100,7,1000,1000,0,99,,,6,,,100,
291681,弓箭手雇佣兵单体,-1,1,hurt,1,91,,0,1,0,,7,1000,1000,0,1,,,6,,,100,
291682,弓箭手雇佣兵范围,-1,1,hurt,1,91,,0,1,0,,7,1000,1000,0,1,,,6,,,100,
291683,圣射手雇佣兵单体,-1,1,hurt,1,91,,0,1,0,,7,1000,1000,0,1,,,6,,,100,
291684,圣射手雇佣兵范围,-1,1,hurt,1,91,,0,1,1,91684,7,1000,1000,0,3,,,6,,,100,
291685,神射手雇佣兵单体,-1,1,hurt,1,91,,0,1,0,,7,1000,1000,0,1,,,6,,,100,
291686,神射手雇佣兵范围,-1,1,hurt,1,91,,0,1,1,91686,7,1000,1000,0,5,916861,,6,,,100,
291711,刽子手,-1,1,hurt,1,91,,0,1,1,9101,7,1000,1000,0,99,900013,,5,,,100,
291712,刽子手,-1,1,hurt,1,91,,0,1,0,,7,1000,1000,0,1,900013,,2,,,100,
291713,刽子手,-1,1,hurt,1,91,,0,1,1,9104,7,1000,1000,0,99,900013,,5,,,100,
291714,刽子手,-1,1,hurt,1,91,,0,1,0,,7,1000,1000,0,1,900013,,2,,,100,
291721,水晶鹿幻影冲撞,-1,1,hurt,1,91,,0,1,1,9100,7,1000,1000,0,99,,,5,,,100,
291722,水晶鹿冰封,-1,1,hurt,1,91,,0,1,1,9104,7,1000,1000,0,99,,,5,,,100,
291723,水晶鹿,-1,1,hurt,1,91,,0,1,0,,7,1000,1000,0,1,,,2,,,100,
291724,水晶鹿,-1,1,hurt,1,91,,0,1,0,,7,1000,1000,0,1,,,2,,,100,
291731,海怪,-1,1,hurt,1,91,,0,1,1,9100,7,1000,1000,0,99,900013,,5,,,100,
291732,海怪,-1,1,hurt,1,91,,0,1,1,9104,7,1000,1000,0,99,900113,,5,,,100,
291733,海怪,-1,1,hurt,1,91,,0,1,0,,7,1000,1000,0,1,900013,,2,,,100,
291734,海怪,-1,1,hurt,1,91,,0,1,0,,7,1000,1000,0,1,900013,,2,,,100,
291741,傲之煞冲击波,-1,1,hurt,1,91,,0,1,1,9103,7,1000,1000,0,99,,,5,,,100,
291742,傲之煞,-1,1,hurt,1,91,,0,1,0,,7,1000,1000,0,1,,,2,,,100,
291743,傲之煞喷毒,-1,1,hurt,1,91,,0,1,1,9105,7,1000,1000,0,99,,,5,,,100,
291744,傲之煞,-1,1,hurt,1,91,,0,1,0,,7,1000,1000,0,1,,,2,,,100,
291751,魅魔,-1,1,hurt,1,91,,0,1,0,,7,1000,1000,0,1,,,2,,,100,
291752,魅魔,-1,1,hurt,1,91,,0,1,0,,7,1000,1000,0,1,,,2,,,100,
291753,魅魔,-1,1,hurt,1,91,,0,1,0,,7,1000,1000,0,1,,,2,,,100,
291754,魅魔,-1,1,hurt,1,91,,0,1,0,,7,1000,1000,0,1,,,2,,,100,
291761,泰克图斯,-1,1,hurt,1,91,,0,1,0,,7,1000,1000,0,1,,,2,,,100,
291762,泰克图斯,-1,1,hurt,1,91,,0,1,0,,7,1000,1000,0,1,,,2,,,100,
291763,泰克图斯,-1,1,hurt,1,91,,0,1,0,,7,1000,1000,0,1,,,2,,,100,
291764,泰克图斯,-1,1,hurt,1,91,,0,1,0,,7,1000,1000,0,1,,,2,,,100,
291781,大恶魔,-1,1,hurt,1,91,,0,1,1,9105,7,1000,1000,0,99,900013,,5,,,100,
291782,大恶魔,-1,1,hurt,1,91,,0,1,0,,7,1000,1000,0,1,900013,,5,,,100,
291783,大恶魔,-1,1,hurt,1,91,,0,1,0,,7,1000,1000,0,1,900013,,5,,,100,
291784,大恶魔,-1,1,hurt,1,91,,0,1,1,9102,7,1000,1000,0,99,900013,,5,,,100,
291791,大天使挥砍,-1,1,hurt,1,91,,0,1,1,9100,7,1000,1000,0,99,900013,,5,,,100,
291792,大天使蓄力挥砍,-1,1,hurt,1,91,,0,1,1,9100,7,1000,1000,0,99,900013,,5,,,100,
291793,大天使举剑,-1,1,hurt,1,91,,0,1,1,9104,7,1000,1000,0,99,900013,,5,,,100,
291794,大天使剑插地,-1,1,hurt,1,91,,0,1,1,9104,7,1000,1000,0,99,900113,,5,,,100,
291831,审判者,-1,1,hurt,1,91,,0,1,0,,7,1000,1000,0,1,,,2,,,100,
291832,审判者,-1,1,hurt,1,91,,0,1,0,,7,1000,1000,0,1,,,2,,,100,
291833,审判者,-1,1,hurt,1,91,,0,1,0,,7,1000,1000,0,1,,,2,,,100,
291834,审判者,-1,1,hurt,1,91,,0,1,0,,7,1000,1000,0,1,,,2,,,100,
291841,长枪守卫,-1,1,hurt,1,91,,0,1,1,9100,7,1000,1000,0,99,,,5,,,100,
291842,长枪守卫,-1,1,hurt,1,91,,0,1,1,9100,7,1000,1000,0,99,,,5,,,100,
291871,蓝晶守卫,-1,1,hurt,1,91,,0,1,1,9105,7,1000,1000,0,99,,,3,,,100,
291872,蓝晶守卫,-1,1,hurt,1,91,,0,1,1,9105,7,1000,1000,0,99,,,3,,,100,
291881,幽灵暗杀者,-1,1,hurt,1,91,,0,1,1,9105,7,1000,1000,0,99,,,3,,,100,
291882,幽灵暗杀者,-1,1,hurt,1,91,,0,1,1,9105,7,1000,1000,0,99,,,3,,,100,
291921,毁灭战士,-1,1,hurt,1,91,,0,1,1,9100,7,1000,1000,0,99,,,5,,,100,
291922,毁灭战士,-1,1,hurt,1,91,,0,1,1,9104,7,1000,1000,0,99,,,5,,,100,
291931,邪能巫师,-1,1,hurt,1,91,,0,1,1,9100,7,1000,1000,0,99,,,5,,,100,
291932,邪能巫师,-1,1,hurt,1,91,,0,1,1,9100,7,1000,1000,0,99,,,5,,,100,
291941,潘神女巫,-1,1,hurt,1,91,,0,1,1,9103,7,1000,1000,0,99,,,3,,,100,
291942,潘神女巫,-1,1,hurt,1,91,,0,1,1,9103,7,1000,1000,0,99,,,3,,,100,
291991,刽子手战士,-1,1,hurt,1,91,,0,1,1,9105,7,1000,1000,0,99,,,3,,,100,
291992,刽子手战士,-1,1,hurt,1,91,,0,1,1,9105,7,1000,1000,0,99,,,3,,,100,
292001,邪恶女王,-1,1,hurt,1,91,,0,1,1,9103,7,1000,1000,0,99,,,5,,,100,
292002,邪恶女王,-1,1,hurt,1,91,,0,1,1,9103,7,1000,1000,0,99,,,5,,,100,
292011,邪灵武士,-1,1,hurt,1,91,,0,1,1,9101,7,1000,1000,0,99,,,5,,,100,
292012,邪灵武士,-1,1,hurt,1,91,,0,1,1,9101,7,1000,1000,0,99,,,5,,,100,
292021,狂怒战士,-1,1,hurt,1,91,,0,1,1,9100,7,1000,1000,0,99,,,2,,,100,
292022,狂怒战士,-1,1,hurt,1,91,,0,1,1,9100,7,1000,1000,0,99,,,2,,,100,
299921,测试怪攻击1,-1,1,hurt,1,91,,0,1,0,,7,3000,3000,0,1,,,1,,,100,
299922,测试怪攻击2,-1,1,hurt,1,91,,0,1,0,,7,3000,3000,0,1,,,1,,,100,
600101,召唤兽小哥布林劈砍,-1,1,hurt,1,91,,0,1,0,,7,1000,1000,10,1,,,1,,,100,
600102,召唤兽小哥布林侧劈,-1,1,hurt,1,91,,0,1,0,,7,1000,1000,10,1,,,1,,,100,
600103,4级召唤兽小哥布林劈砍,-1,1,hurt,1,91,,0,1,0,,7,1000,1000,10,1,,,1,,,100,
600104,4级召唤兽小哥布林侧劈,-1,1,hurt,1,91,,0,1,0,,7,1000,1000,10,1,,,1,,,100,
600105,5级召唤兽小哥布林劈砍,-1,1,hurt,1,91,,0,1,0,,7,1000,1000,10,1,,,1,,,100,
600106,5级召唤兽小哥布林侧劈,-1,1,hurt,1,91,,0,1,0,,7,1000,1000,10,1,,,1,,,100,
600201,召唤兽石巨人凿击,-1,1,hurt,1,91,,0,1,0,,7,1000,1000,10,1,,,1,,,100,
600202,召唤兽石巨人拳击,-1,1,hurt,1,91,,0,1,0,,7,1000,1000,10,1,,,1,,,100,
600203,4级召唤兽石巨人凿击,-1,1,hurt,1,91,,0,1,0,,7,1000,1000,10,1,,,1,,,100,
600204,4级召唤兽石巨人拳击,-1,1,hurt,1,91,,0,1,0,,7,1000,1000,10,1,,,1,,,100,
600205,5级召唤兽石巨人凿击,-1,1,hurt,1,91,,0,1,0,,7,1000,1000,10,1,,,1,,,100,
600206,5级召唤兽石巨人拳击,-1,1,hurt,1,91,,0,1,0,,7,1000,1000,10,1,,,1,,,100,
600301,召唤兽暗杀者双手攻击,-1,1,hurt,1,91,,0,1,0,,7,1000,1000,10,1,,,1,,,100,
600302,召唤兽暗杀者单手攻击,-1,1,hurt,1,91,,0,1,0,,7,1000,1000,10,1,,,1,,,100,
600303,4级召唤兽暗杀者双手攻击,-1,1,hurt,1,91,,0,1,0,,7,1000,1000,10,1,,,1,,,100,
600304,4级召唤兽暗杀者单手攻击,-1,1,hurt,1,91,,0,1,0,,7,1000,1000,10,1,,,1,,,100,
600305,5级召唤兽暗杀者双手攻击,-1,1,hurt,1,91,,0,1,0,,7,1000,1000,10,1,,,1,,,100,
600306,5级召唤兽暗杀者单手攻击,-1,1,hurt,1,91,,0,1,0,,7,1000,1000,10,1,,,1,,,100,
600401,召唤兽雪人王攻击,-1,1,hurt,1,91,,0,1,0,,7,1000,1000,10,1,,,1,,,100,
600402,召唤兽雪人王攻击,-1,1,hurt,1,91,,0,1,0,,7,1000,1000,10,1,,,1,,,100,
600403,4级召唤兽雪人王攻击,-1,1,hurt,1,91,,0,1,0,,7,1000,1000,10,1,,,1,,,100,
600404,4级召唤兽雪人王攻击,-1,1,hurt,1,91,,0,1,0,,7,1000,1000,10,1,,,1,,,100,
600405,5级召唤兽雪人王攻击,-1,1,hurt,1,91,,0,1,0,,7,1000,1000,10,1,,,1,,,100,
600406,5级召唤兽雪人王攻击,-1,1,hurt,1,91,,0,1,0,,7,1000,1000,10,1,,,1,,,100,
600501,召唤兽黑暗骑士拔剑,-1,1,hurt,1,91,,0,1,0,,7,1000,1000,10,1,,,1,,,100,
600502,召唤兽黑暗骑士侧劈,-1,1,hurt,1,91,,0,1,0,,7,1000,1000,10,1,,,1,,,100,
600503,4级召唤兽黑暗骑士拔剑,-1,1,hurt,1,91,,0,1,0,,7,1000,1000,10,1,,,1,,,100,
600504,4级召唤兽黑暗骑士侧劈,-1,1,hurt,1,91,,0,1,0,,7,1000,1000,10,1,,,1,,,100,
600505,5级召唤兽黑暗骑士拔剑,-1,1,hurt,1,91,,0,1,0,,7,1000,1000,10,1,,,1,,,100,
600506,5级召唤兽黑暗骑士侧劈,-1,1,hurt,1,91,,0,1,0,,7,1000,1000,10,1,,,1,,,100,
600601,召唤兽守护兽巴里攻击,-1,1,hurt,1,91,,0,1,0,,7,1000,1000,10,1,,,1,,,100,
600602,召唤兽守护兽巴里攻击,-1,1,hurt,1,91,,0,1,0,,7,1000,1000,10,1,,,1,,,100,
600603,4级召唤兽守护兽巴里攻击,-1,1,hurt,1,91,,0,1,0,,7,1000,1000,10,1,,,1,,,100,
600604,4级召唤兽守护兽巴里攻击,-1,1,hurt,1,91,,0,1,0,,7,1000,1000,10,1,,,1,,,100,
600605,5级召唤兽守护兽巴里攻击,-1,1,hurt,1,91,,0,1,0,,7,1000,1000,10,1,,,1,,,100,
600606,5级召唤兽守护兽巴里攻击,-1,1,hurt,1,91,,0,1,0,,7,1000,1000,10,1,,,1,,,100,
600701,召唤兽黄金斗士射击（子弹）,-1,1,hurt,1,91,,0,1,0,,7,1000,1000,10,1,,,6,,,100,
600702,召唤兽黄金斗士射击（子弹）,-1,1,hurt,1,91,,0,1,0,,7,1000,1000,10,1,,,6,,,100,
600703,4级召唤兽黄金斗士射击（子弹）,-1,1,hurt,1,91,,0,1,0,,7,1000,1000,10,1,,,6,,,100,
600704,4级召唤兽黄金斗士射击（子弹）,-1,1,hurt,1,91,,0,1,0,,7,1000,1000,10,1,,,6,,,100,
600705,5级召唤兽黄金斗士射击（子弹）,-1,1,hurt,1,91,,0,1,0,,7,1000,1000,10,1,,,6,,,100,
600706,5级召唤兽黄金斗士射击（子弹）,-1,1,hurt,1,91,,0,1,0,,7,1000,1000,10,1,,,6,,,100,
600801,召唤萨迪洛斯攻击(拖尾）,-1,1,hurt,1,91,,0,1,0,,7,1000,1000,10,1,,,2,,,100,
600802,召唤萨迪洛斯攻击(拖尾）,-1,1,hurt,1,91,,0,1,0,,7,1000,1000,10,1,,,2,,,100,
600901,雷霆跃迁,-1,1,hurt,1,101#201#311#321#411#421#511#521#611#621#711#721#811#821#911#921#102#202#312#322#412#422#512#522#612#622#712#722#812#822#912#922#103#203#313#323#413#423#513#523#613#623#713#723#813#823#913#923#104#204#314#324#414#424#514#524#614#624#714#724#814#824#914#924#105#205#315#325#415#425#515#525#615#625#715#725#815#825#915#925,1,0,1,0,,12,50000,0,100,1,,,8,1,21000700,100,
600902,雷霆跃迁,-1,1,hurt,1,101#201#311#321#411#421#511#521#611#621#711#721#811#821#911#921#102#202#312#322#412#422#512#522#612#622#712#722#812#822#912#922#103#203#313#323#413#423#513#523#613#623#713#723#813#823#913#923#104#204#314#324#414#424#514#524#614#624#714#724#814#824#914#924#105#205#315#325#415#425#515#525#615#625#715#725#815#825#915#925,1,0,1,0,,12,50000,0,100,1,,,8,1,21000700,100,
600903,雷霆跃迁,-1,1,hurt,1,101#201#311#321#411#421#511#521#611#621#711#721#811#821#911#921#102#202#312#322#412#422#512#522#612#622#712#722#812#822#912#922#103#203#313#323#413#423#513#523#613#623#713#723#813#823#913#923#104#204#314#324#414#424#514#524#614#624#714#724#814#824#914#924#105#205#315#325#415#425#515#525#615#625#715#725#815#825#915#925,1,0,1,0,,12,40000,0,100,1,,,8,1,21000700,100,
600904,雷霆跃迁,-1,1,hurt,1,101#201#311#321#411#421#511#521#611#621#711#721#811#821#911#921#102#202#312#322#412#422#512#522#612#622#712#722#812#822#912#922#103#203#313#323#413#423#513#523#613#623#713#723#813#823#913#923#104#204#314#324#414#424#514#524#614#624#714#724#814#824#914#924#105#205#315#325#415#425#515#525#615#625#715#725#815#825#915#925,1,0,1,0,,12,30000,0,100,1,,,8,1,21000700,100,
600905,雷霆跃迁,-1,1,hurt,1,101#201#311#321#411#421#511#521#611#621#711#721#811#821#911#921#102#202#312#322#412#422#512#522#612#622#712#722#812#822#912#922#103#203#313#323#413#423#513#523#613#623#713#723#813#823#913#923#104#204#314#324#414#424#514#524#614#624#714#724#814#824#914#924#105#205#315#325#415#425#515#525#615#625#715#725#815#825#915#925,1,0,1,0,,12,30000,0,100,1,100150007,,8,1,21000700,100,
1321601,奥丁的加持lv1,-1,2,hurt,,11#12#13#14#15,0,0,1,0,,0,60000,0,100,1,,,,,,100,
1321602,奥丁的加持lv2,-1,2,hurt,,11#12#13#14#15,0,0,1,0,,0,60000,0,100,1,,,,,,100,
1321603,奥丁的加持lv3,-1,2,hurt,,11#12#13#14#15,0,0,1,0,,0,60000,0,100,1,,,,,,100,
1321604,奥丁的加持lv4,-1,2,hurt,,11#12#13#14#15,0,0,1,0,,0,60000,0,100,1,,,,,,100,
1321605,奥丁的加持lv5,-1,2,hurt,,11#12#13#14#15,0,0,1,0,,0,60000,0,100,1,,,,,,100,
1321606,奥丁的加持lv6,-1,2,hurt,,11#12#13#14#15,0,0,1,0,,0,60000,0,100,1,,,,,,100,
1321607,奥丁的加持lv7,-1,2,hurt,,11#12#13#14#15,0,0,1,0,,0,60000,0,100,1,,,,,,100,
1321608,奥丁的加持lv8,-1,2,hurt,,11#12#13#14#15,0,0,1,0,,0,60000,0,100,1,,,,,,100,
1322001,神铸之锋lv1,-1,2,hurt,,11#12#13#14#15,0,0,1,0,,0,0,0,100,1,,,,,,100,
1322002,神铸之锋lv2,-1,2,hurt,,11#12#13#14#15,0,0,1,0,,0,0,0,100,1,,,,,,100,
1322003,神铸之锋lv3,-1,2,hurt,,11#12#13#14#15,0,0,1,0,,0,0,0,100,1,,,,,,100,
1322004,神铸之锋lv4,-1,2,hurt,,11#12#13#14#15,0,0,1,0,,0,0,0,100,1,,,,,,100,
1322005,神铸之锋lv5,-1,2,hurt,,11#12#13#14#15,0,0,1,0,,0,0,0,100,1,,,,,,100,
1322006,神铸之锋lv6,-1,2,hurt,,11#12#13#14#15,0,0,1,0,,0,0,0,100,1,,,,,,100,
1322007,神铸之锋lv7,-1,2,hurt,,11#12#13#14#15,0,0,1,0,,0,0,0,100,1,,,,,,100,
1323001,神铸之守lv1,-1,2,hurt,,11#12#13#14#15,0,0,1,0,,0,120000,0,100,1,,,,,,100,
1323002,神铸之守lv2,-1,2,hurt,,11#12#13#14#15,0,0,1,0,,0,100000,0,100,1,,,,,,100,
1323003,神铸之守lv3,-1,2,hurt,,11#12#13#14#15,0,0,1,0,,0,85000,0,100,1,,,,,,100,
1323004,神铸之守lv4,-1,2,hurt,,11#12#13#14#15,0,0,1,0,,0,70000,0,100,1,,,,,,100,
1323005,神铸之守lv5,-1,2,hurt,,11#12#13#14#15,0,0,1,0,,0,60000,0,100,1,,,,,,100,
1323006,神铸之守lv6,-1,2,hurt,,11#12#13#14#15,0,0,1,0,,0,50000,0,100,1,,,,,,100,
1323007,神铸之守lv7,-1,2,hurt,,11#12#13#14#15,0,0,1,0,,0,45000,0,100,1,,,,,,100,
99990101,龙猫普攻,-1,1,hurt,1,,0,0,1,1,99999,1,1600,1000,100,1,,,2,,,100,400
99990201,企鹅普攻,-1,1,hurt,1,,0,0,1,1,99999,1,1600,1000,100,1,,,2,,,100,400
99990301,雪翼雕普攻,-1,1,hurt,1,,0,0,1,1,99999,1,1600,1000,100,1,,,2,,,100,400
99990401,不死鸟普攻,-1,1,hurt,1,,0,0,1,1,99999,1,1600,1000,100,1,,,2,,,100,400
99990501,熊猫,-1,1,hurt,1,,0,0,1,1,99999,1,1600,1000,100,1,,,2,,,100,400
99990601,小女巫,-1,1,hurt,1,,0,0,1,1,99999,1,1600,1000,100,1,,,2,,,100,400
99990701,白雕,-1,1,hurt,1,,0,0,1,1,99999,1,1600,1000,100,1,,,2,,,100,400
99990801,CPB,-1,1,hurt,1,,0,0,1,1,99999,1,1600,1000,100,1,,,2,,,100,400
99990901,CPC,-1,1,hurt,1,,0,0,1,1,99999,1,1600,1000,100,1,,,2,,,100,400
99991001,CPE,-1,1,hurt,1,,0,0,1,1,99999,1,1600,1000,100,1,,,2,,,100,400
99991101,CPR,-1,1,hurt,1,,0,0,1,1,99999,1,1600,1000,100,1,,,2,,,100,400
10000101,刀客普通攻击,-1,1,hurt,1,101#201#311#321#411#421#511#521#611#621#711#721#811#821#911#921,0,0,1,0,,1,1600,1500,100,1,,,2,,,100,500
10000201,枪客普通攻击,-1,1,hurt,1,102#202#312#322#412#422#512#522#612#622#712#722#812#822#912#922,0,0,1,0,,7,1600,1500,100,1,,,2,,,100,600
10000301,弓手普通攻击,-1,1,hurt,1,103#203#313#323#413#423#513#523#613#623#713#723#813#823#913#923,0,0,1,0,,7,1600,1500,100,1,,,6,,,100,700
10000401,剑客普通攻击,-1,1,hurt,1,104#204#314#324#414#424#514#524#614#624#714#724#814#824#914#924,0,0,1,0,,7,1600,1500,100,1,,,2,,,100,500
10000501,医生普通攻击,-1,1,hurt,1,105#205#315#325#415#425#515#525#615#625#715#725#815#825#915#925,0,0,1,0,,7,1600,1500,100,1,,,6,,,100,1000
10001101,疾风御气术,-1,1,buff,,101#201#311#321#411#421#511#521#611#621#711#721#811#821#911#921#102#202#312#322#412#422#512#522#612#622#712#722#812#822#912#922#103#203#313#323#413#423#513#523#613#623#713#723#813#823#913#923#104#204#314#324#414#424#514#524#614#624#714#724#814#824#914#924#105#205#315#325#415#425#515#525#615#625#715#725#815#825#915#925,1,10,2,0,,7,5000,1000,100,1,100300001,,5,1,21000100,100,
10001201,梯云纵,-1,1,buff,,101#201#311#321#411#421#511#521#611#621#711#721#811#821#911#921#102#202#312#322#412#422#512#522#612#622#712#722#812#822#912#922#103#203#313#323#413#423#513#523#613#623#713#723#813#823#913#923#104#204#314#324#414#424#514#524#614#624#714#724#814#824#914#924#105#205#315#325#415#425#515#525#615#625#715#725#815#825#915#925,60,20,2,0,,7,5000,1000,100,1,100300002,,5,1,21000100,100,
10001301,草上飞,-1,1,buff,,101#201#311#321#411#421#511#521#611#621#711#721#811#821#911#921#102#202#312#322#412#422#512#522#612#622#712#722#812#822#912#922#103#203#313#323#413#423#513#523#613#623#713#723#813#823#913#923#104#204#314#324#414#424#514#524#614#624#714#724#814#824#914#924#105#205#315#325#415#425#515#525#615#625#715#725#815#825#915#925,100,20,2,0,,7,5000,1000,100,1,100300003,,5,1,21000100,100,
10002101,五雷术,-1,5,hurt,1,,1,0,1,1,11120100,1,10000,0,100,2,,,5,,,,
10002102,五雷术,-1,5,hurt,1,,1,0,1,1,11120100,1,10000,0,100,3,,,5,,,,
10002103,五雷术,-1,5,hurt,1,,1,0,1,1,11120100,1,10000,0,100,4,,,5,,,,
10002104,五雷术,-1,5,hurt,1,,1,0,1,1,11120100,1,10000,0,100,5,,,5,,,,
10002105,五雷术,-1,5,hurt,1,,1,0,1,1,11120100,1,10000,0,100,6,,,5,,,,
10002106,五雷术,-1,5,hurt,1,,1,0,1,1,11120100,1,10000,0,100,6,,,5,,,,
10002107,五雷术,-1,5,hurt,1,,1,0,1,1,11120100,1,10000,0,100,6,,,5,,,,
10002108,五雷术,-1,5,hurt,1,,1,0,1,1,11120100,1,10000,0,100,6,,,5,,,,
10002109,五雷术,-1,5,hurt,1,,1,0,1,1,11120100,1,10000,0,100,6,,,5,,,,
10002110,五雷术,-1,5,hurt,1,,1,0,1,1,11120100,1,10000,0,100,6,,,5,,,,
10002201,天雷闪,-1,5,hurt,1,,1,0,1,0,,1,10000,0,100,1,,,5,,,,
10002202,天雷闪,-1,5,hurt,1,,1,0,1,0,,1,10000,0,100,1,,,5,,,,
10002203,天雷闪,-1,5,hurt,1,,1,0,1,0,,1,10000,0,100,1,,,5,,,,
10002204,天雷闪,-1,5,hurt,1,,1,0,1,0,,1,10000,0,100,1,,,5,,,,
10002205,天雷闪,-1,5,hurt,1,,1,0,1,0,,1,10000,0,100,1,,,5,,,,
10002206,天雷闪,-1,5,hurt,1,,1,0,1,0,,1,10000,0,100,1,,,5,,,,
10002207,天雷闪,-1,5,hurt,1,,1,0,1,0,,1,10000,0,100,1,,,5,,,,
10002208,天雷闪,-1,5,hurt,1,,1,0,1,0,,1,10000,0,100,1,,,5,,,,
10002209,天雷闪,-1,5,hurt,1,,1,0,1,0,,1,10000,0,100,1,,,5,,,,
10002210,天雷闪,-1,5,hurt,1,,1,0,1,0,,1,10000,0,100,1,,,5,,,,
10003101,千钧一击,-1,5,hurt,1,,1,0,1,0,,1,5000,0,100,1,,,5,,,,
10003102,千钧一击,-1,5,hurt,1,,1,0,1,0,,1,5000,0,100,1,,,5,,,,
10003103,千钧一击,-1,5,hurt,1,,1,0,1,0,,1,5000,0,100,1,,,5,,,,
10003201,天火燎原,-1,5,hurt,1,,1,0,1,1,11120100,1,8000,0,100,7,,,5,,,,
10003202,天火燎原,-1,5,hurt,1,,1,0,1,1,11120100,1,8000,0,100,7,,,5,,,,
10003203,天火燎原,-1,5,hurt,1,,1,0,1,1,11120100,1,8000,0,100,7,,,5,,,,
10003301,赤火流星,-1,5,hurt,1,,1,0,1,0,,1,5000,0,100,1,,,5,,,,
10003302,赤火流星,-1,5,hurt,1,,1,0,1,0,,1,5000,0,100,1,,,5,,,,
10003303,赤火流星,-1,5,hurt,1,,1,0,1,0,,1,5000,0,100,1,,,5,,,,
10003304,赤火流星,-1,5,hurt,1,,1,0,1,0,,1,5000,0,100,1,,,5,,,,
10003305,赤火流星,-1,5,hurt,1,,1,0,1,0,,1,5000,0,100,1,,,5,,,,
10003306,赤火流星,-1,5,hurt,1,,1,0,1,0,,1,5000,0,100,1,,,5,,,,
10003307,赤火流星,-1,5,hurt,1,,1,0,1,0,,1,5000,0,100,1,,,5,,,,
10003308,赤火流星,-1,5,hurt,1,,1,0,1,0,,1,5000,0,100,1,,,5,,,,
10003309,赤火流星,-1,5,hurt,1,,1,0,1,0,,1,5000,0,100,1,,,5,,,,
10003310,赤火流星,-1,5,hurt,1,,1,0,1,0,,1,5000,0,100,1,,,5,,,,
10003311,赤火流星,-1,5,hurt,1,,1,0,1,0,,1,5000,0,100,1,,,5,,,,
10003312,赤火流星,-1,5,hurt,1,,1,0,1,0,,1,5000,0,100,1,,,5,,,,
10003313,赤火流星,-1,5,hurt,1,,1,0,1,0,,1,5000,0,100,1,,,5,,,,
10003314,赤火流星,-1,5,hurt,1,,1,0,1,0,,1,5000,0,100,1,,,5,,,,
10003315,赤火流星,-1,5,hurt,1,,1,0,1,0,,1,5000,0,100,1,,,5,,,,
10003316,赤火流星,-1,5,hurt,1,,1,0,1,0,,1,5000,0,100,1,,,5,,,,
10003317,赤火流星,-1,5,hurt,1,,1,0,1,0,,1,5000,0,100,1,,,5,,,,
10003318,赤火流星,-1,5,hurt,1,,1,0,1,0,,1,5000,0,100,1,,,5,,,,
10003319,赤火流星,-1,5,hurt,1,,1,0,1,0,,1,5000,0,100,1,,,5,,,,
10003320,赤火流星,-1,5,hurt,1,,1,0,1,0,,1,5000,0,100,1,,,5,,,,
10003321,赤火流星,-1,5,hurt,1,,1,0,1,0,,1,5000,0,100,1,,,5,,,,
10003322,赤火流星,-1,5,hurt,1,,1,0,1,0,,1,5000,0,100,1,,,5,,,,
10003323,赤火流星,-1,5,hurt,1,,1,0,1,0,,1,5000,0,100,1,,,5,,,,
10003324,赤火流星,-1,5,hurt,1,,1,0,1,0,,1,5000,0,100,1,,,5,,,,
10003325,赤火流星,-1,5,hurt,1,,1,0,1,0,,1,5000,0,100,1,,,5,,,,
10003326,赤火流星,-1,5,hurt,1,,1,0,1,0,,1,5000,0,100,1,,,5,,,,
10003327,赤火流星,-1,5,hurt,1,,1,0,1,0,,1,5000,0,100,1,,,5,,,,
10003328,赤火流星,-1,5,hurt,1,,1,0,1,0,,1,5000,0,100,1,,,5,,,,
10003329,赤火流星,-1,5,hurt,1,,1,0,1,0,,1,5000,0,100,1,,,5,,,,
10003330,赤火流星,-1,5,hurt,1,,1,0,1,0,,1,5000,0,100,1,,,5,,,,
10003401,冰霜群雨,-1,5,hurt,1,,1,0,1,1,11120100,1,10000,0,100,3,,,5,,,,
10003402,冰霜群雨,-1,5,hurt,1,,1,0,1,1,11120100,1,10000,0,100,3,,,5,,,,
10003403,冰霜群雨,-1,5,hurt,1,,1,0,1,1,11120100,1,10000,0,100,3,,,5,,,,
10003404,冰霜群雨,-1,5,hurt,1,,1,0,1,1,11120100,1,10000,0,100,3,,,5,,,,
10003405,冰霜群雨,-1,5,hurt,1,,1,0,1,1,11120100,1,10000,0,100,3,,,5,,,,
10003406,冰霜群雨,-1,5,hurt,1,,1,0,1,1,11120100,1,10000,0,100,3,,,5,,,,
10003407,冰霜群雨,-1,5,hurt,1,,1,0,1,1,11120100,1,10000,0,100,3,,,5,,,,
10003408,冰霜群雨,-1,5,hurt,1,,1,0,1,1,11120100,1,10000,0,100,3,,,5,,,,
10003409,冰霜群雨,-1,5,hurt,1,,1,0,1,1,11120100,1,10000,0,100,3,,,5,,,,
10003410,冰霜群雨,-1,5,hurt,1,,1,0,1,1,11120100,1,10000,0,100,3,,,5,,,,
10003411,冰霜群雨,-1,5,hurt,1,,1,0,1,1,11120100,1,10000,0,100,3,,,5,,,,
10003412,冰霜群雨,-1,5,hurt,1,,1,0,1,1,11120100,1,10000,0,100,3,,,5,,,,
10003413,冰霜群雨,-1,5,hurt,1,,1,0,1,1,11120100,1,10000,0,100,3,,,5,,,,
10003414,冰霜群雨,-1,5,hurt,1,,1,0,1,1,11120100,1,10000,0,100,3,,,5,,,,
10003415,冰霜群雨,-1,5,hurt,1,,1,0,1,1,11120100,1,10000,0,100,3,,,5,,,,
10003416,冰霜群雨,-1,5,hurt,1,,1,0,1,1,11120100,1,10000,0,100,3,,,5,,,,
10003417,冰霜群雨,-1,5,hurt,1,,1,0,1,1,11120100,1,10000,0,100,3,,,5,,,,
10003418,冰霜群雨,-1,5,hurt,1,,1,0,1,1,11120100,1,10000,0,100,3,,,5,,,,
10003419,冰霜群雨,-1,5,hurt,1,,1,0,1,1,11120100,1,10000,0,100,3,,,5,,,,
10003420,冰霜群雨,-1,5,hurt,1,,1,0,1,1,11120100,1,10000,0,100,3,,,5,,,,
10003421,冰霜群雨,-1,5,hurt,1,,1,0,1,1,11120100,1,10000,0,100,3,,,5,,,,
10003422,冰霜群雨,-1,5,hurt,1,,1,0,1,1,11120100,1,10000,0,100,3,,,5,,,,
10003423,冰霜群雨,-1,5,hurt,1,,1,0,1,1,11120100,1,10000,0,100,3,,,5,,,,
10003424,冰霜群雨,-1,5,hurt,1,,1,0,1,1,11120100,1,10000,0,100,3,,,5,,,,
10003425,冰霜群雨,-1,5,hurt,1,,1,0,1,1,11120100,1,10000,0,100,3,,,5,,,,
10003426,冰霜群雨,-1,5,hurt,1,,1,0,1,1,11120100,1,10000,0,100,3,,,5,,,,
10003427,冰霜群雨,-1,5,hurt,1,,1,0,1,1,11120100,1,10000,0,100,3,,,5,,,,
10003428,冰霜群雨,-1,5,hurt,1,,1,0,1,1,11120100,1,10000,0,100,3,,,5,,,,
10003429,冰霜群雨,-1,5,hurt,1,,1,0,1,1,11120100,1,10000,0,100,3,,,5,,,,
10003430,冰霜群雨,-1,5,hurt,1,,1,0,1,1,11120100,1,10000,0,100,3,,,5,,,,
10003501,烈焰火雨,-1,5,hurt,1,,1,0,1,1,11120100,1,10000,0,100,5,,,5,,,,
10003502,烈焰火雨,-1,5,hurt,1,,1,0,1,1,11120100,1,10000,0,100,5,,,5,,,,
10003503,烈焰火雨,-1,5,hurt,1,,1,0,1,1,11120100,1,10000,0,100,5,,,5,,,,
10003504,烈焰火雨,-1,5,hurt,1,,1,0,1,1,11120100,1,10000,0,100,5,,,5,,,,
10003505,烈焰火雨,-1,5,hurt,1,,1,0,1,1,11120100,1,10000,0,100,5,,,5,,,,
10003506,烈焰火雨,-1,5,hurt,1,,1,0,1,1,11120100,1,10000,0,100,5,,,5,,,,
10003507,烈焰火雨,-1,5,hurt,1,,1,0,1,1,11120100,1,10000,0,100,5,,,5,,,,
10003508,烈焰火雨,-1,5,hurt,1,,1,0,1,1,11120100,1,10000,0,100,5,,,5,,,,
10003509,烈焰火雨,-1,5,hurt,1,,1,0,1,1,11120100,1,10000,0,100,5,,,5,,,,
10003510,烈焰火雨,-1,5,hurt,1,,1,0,1,1,11120100,1,10000,0,100,5,,,5,,,,
10003511,烈焰火雨,-1,5,hurt,1,,1,0,1,1,11120100,1,10000,0,100,5,,,5,,,,
10003512,烈焰火雨,-1,5,hurt,1,,1,0,1,1,11120100,1,10000,0,100,5,,,5,,,,
10003513,烈焰火雨,-1,5,hurt,1,,1,0,1,1,11120100,1,10000,0,100,5,,,5,,,,
10003514,烈焰火雨,-1,5,hurt,1,,1,0,1,1,11120100,1,10000,0,100,5,,,5,,,,
10003515,烈焰火雨,-1,5,hurt,1,,1,0,1,1,11120100,1,10000,0,100,5,,,5,,,,
10003516,烈焰火雨,-1,5,hurt,1,,1,0,1,1,11120100,1,10000,0,100,5,,,5,,,,
10003517,烈焰火雨,-1,5,hurt,1,,1,0,1,1,11120100,1,10000,0,100,5,,,5,,,,
10003518,烈焰火雨,-1,5,hurt,1,,1,0,1,1,11120100,1,10000,0,100,5,,,5,,,,
10003519,烈焰火雨,-1,5,hurt,1,,1,0,1,1,11120100,1,10000,0,100,5,,,5,,,,
10003520,烈焰火雨,-1,5,hurt,1,,1,0,1,1,11120100,1,10000,0,100,5,,,5,,,,
10003521,烈焰火雨,-1,5,hurt,1,,1,0,1,1,11120100,1,10000,0,100,5,,,5,,,,
10003522,烈焰火雨,-1,5,hurt,1,,1,0,1,1,11120100,1,10000,0,100,5,,,5,,,,
10003523,烈焰火雨,-1,5,hurt,1,,1,0,1,1,11120100,1,10000,0,100,5,,,5,,,,
10003524,烈焰火雨,-1,5,hurt,1,,1,0,1,1,11120100,1,10000,0,100,5,,,5,,,,
10003525,烈焰火雨,-1,5,hurt,1,,1,0,1,1,11120100,1,10000,0,100,5,,,5,,,,
10003526,烈焰火雨,-1,5,hurt,1,,1,0,1,1,11120100,1,10000,0,100,5,,,5,,,,
10003527,烈焰火雨,-1,5,hurt,1,,1,0,1,1,11120100,1,10000,0,100,5,,,5,,,,
10003528,烈焰火雨,-1,5,hurt,1,,1,0,1,1,11120100,1,10000,0,100,5,,,5,,,,
10003529,烈焰火雨,-1,5,hurt,1,,1,0,1,1,11120100,1,10000,0,100,5,,,5,,,,
10003530,烈焰火雨,-1,5,hurt,1,,1,0,1,1,11120100,1,10000,0,100,5,,,5,,,,
10010401,束缚,-1,5,buff,1,99,0,0,1,1,13130100,0,,0,100,3,3000100,,6,,,100,
10020401,解除束缚,-1,5,buff,1,99,0,0,2,0,,0,,0,100,1,3000110,,0,,,100,
10030401,魔力之泉,-1,5,buff,1,99,0,0,2,1,12170100,0,,0,100,99,3000150,,0,,,100,
10040401,隐身,-1,5,buff,1,99,0,0,2,0,,0,,0,100,1,3000120,,0,,,100,
10050401,解除隐身,-1,5,buff,1,99,0,0,2,1,12170100,0,,0,100,99,3000130,,0,,,100,
10060401,魔法驱散,-1,5,buff,1,99,0,0,2,1,12170100,0,,0,100,99,3000140,,0,,,100,
10070401,火箭,-1,1,hurt,1,99,0,0,1,0,,0,,0,100,1,,,6,,,100,
10080401,投石,-1,1,hurt,1,99,0,0,1,1,12100100,0,,0,100,9,,,6,,,100,
10090401,群体隐身,-1,5,buff,1,99,0,0,2,1,10090400,0,0,0,100,99,2000302,,6,,,100,
10100401,群体驱散隐身,-1,5,buff,1,99,0,0,1,1,10100400,0,0,0,100,99,6000201,,6,,,100,
10110401,群体加速,-1,5,buff,1,99,0,0,2,1,10110400,0,0,0,100,99,,,6,,,100,
10200101,天界制裁1级,-1,2,buff,,11#12#13#14#15,0,0,1,0,,0,60000,0,100,1,,,,,,100,
10200102,天界制裁2级,-1,2,buff,,11#12#13#14#15,0,0,1,0,,0,60000,0,100,1,,,,,,100,
10200103,天界制裁3级,-1,2,buff,,11#12#13#14#15,0,0,1,0,,0,60000,0,100,1,,,,,,100,
10200104,天界制裁4级,-1,2,buff,,11#12#13#14#15,0,0,1,0,,0,60000,0,100,1,,,,,,100,
10200105,天界制裁5级,-1,2,buff,,11#12#13#14#15,0,0,1,0,,0,60000,0,100,1,,,,,,100,
10200106,天界制裁6级,-1,2,buff,,11#12#13#14#15,0,0,1,0,,0,60000,0,100,1,,,,,,100,
10200107,天界制裁7级,-1,2,buff,,11#12#13#14#15,0,0,1,0,,0,60000,0,100,1,,,,,,100,
10200201,闪现,-1,1,buff,2,11#12#13#14#15,0,0,2,0,,0,150000,0,100,1,,,6,,,100,
10200203,闪现,-1,1,buff,2,11#12#13#14#15,0,0,2,0,,0,90000,0,100,1,,,6,,,100,
10200204,闪现,-1,1,buff,2,11#12#13#14#15,0,0,2,0,,0,60000,0,100,1,,,6,,,100,
10200205,闪现,-1,1,buff,2,11#12#13#14#15,0,0,2,0,,0,30000,0,100,1,,,6,,,100,
10200206,闪现,-1,1,buff,2,11#12#13#14#15,0,0,2,0,,0,120000,0,100,1,,,6,,,100,
10210101,天使庇佑1级,-1,2,buff,,11#12#13#14#15,0,0,2,0,,0,120000,0,100,1,,,,,,100,
10210102,天使庇佑2级,-1,2,buff,,11#12#13#14#15,0,0,2,0,,0,100000,0,100,1,,,,,,100,
10210103,天使庇佑3级,-1,2,buff,,11#12#13#14#15,0,0,2,0,,0,85000,0,100,1,,,,,,100,
10210104,天使庇佑4级,-1,2,buff,,11#12#13#14#15,0,0,2,0,,0,70000,0,100,1,,,,,,100,
10210105,天使庇佑5级,-1,2,buff,,11#12#13#14#15,0,0,2,0,,0,60000,0,100,1,,,,,,100,
10210106,天使庇佑6级,-1,2,buff,,11#12#13#14#15,0,0,2,0,,0,50000,0,100,1,,,,,,100,
10210107,天使庇佑7级,-1,2,buff,,11#12#13#14#15,0,0,2,0,,0,45000,0,100,1,,,,,,100,
10300101,神权再生,-1,2,buff,,11#12#13#14#15,0,0,2,0,,0,120000,0,100,1,,,,,,100,
10300102,神权再生,-1,2,buff,,11#12#13#14#15,0,0,2,0,,0,120000,0,100,1,,,,,,100,
10300103,神权再生,-1,2,buff,,11#12#13#14#15,0,0,2,0,,0,120000,0,100,1,,,,,,100,
10300104,神权再生,-1,2,buff,,11#12#13#14#15,0,0,2,0,,0,120000,0,100,1,,,,,,100,
10300105,神权再生,-1,2,buff,,11#12#13#14#15,0,0,2,0,,0,120000,0,100,1,,,,,,100,
10320001,再生,-1,2,buff,,11#12#13#14#15,0,0,1,0,,0,0,0,100,1,,,,,,100,
10320002,神行,-1,2,buff,,11#12#13#14#15,0,0,1,0,,0,30000,0,100,1,,,,,,100,
10320003,守护,-1,2,buff,,11#12#13#14#15,0,0,1,0,,0,30000,0,100,1,,,,,,100,
10320004,战意,-1,2,buff,,11#12#13#14#15,0,0,1,0,,0,0,0,100,1,,,,,,100,
10330001,生命掌控,-1,2,buff,,11#12#13#14#15,0,0,1,0,,0,60000,0,100,1,,,,,,100,
10330002,荆棘,-1,2,buff,,11#12#13#14#15,0,0,1,0,,0,0,0,100,1,,,,,,100,
11010101,疾风烈火,-1,1,hurt,1,101#201#311#321#411#421#511#521#611#621#711#721#811#821#911#921,10,5,1,0,,5,2000,1800,100,1,,,2,1,11000100,100,1000
11020101,疾风断木,-1,1,hurt,1,101#201#311#321#411#421#511#521#611#621#711#721#811#821#911#921,20,10,1,0,,6,2000,1800,100,1,,,2,1,11000100,40#60,1500
11030101,疾风残影,-1,1,hurt,1,101#201#311#321#411#421#511#521#611#621#711#721#811#821#911#921,30,15,1,0,,2,2000,1800,100,1,,,2,1,11000100,40#60,1500
11040101,狂杀遍野,-1,1,hurt,1,311#411#511#611#711#811#911,35,20,1,0,,2,2000,1800,100,1,,,2,2,21000100,100,800
11040201,灭世屠龙,-1,1,hurt,1,321#421#521#621#721#821#921,35,20,1,0,,2,2000,1800,100,1,,,2,2,31000100,100,700
11050101,风卷残云,-1,1,hurt,1,311#411#511#611#711#811#911,45,25,1,0,,3,2000,1800,100,1,,,2,2,21000100,100,1000
11050201,灭世裂刃,-1,1,hurt,1,321#421#521#621#721#821#921,45,25,1,0,,3,2000,1800,100,1,,,2,2,31000100,100,1000
11060101,鬼神绝杀,-1,1,hurt,1,311#411#511#611#711#811#911,55,35,1,1,11060100,0,2000,1800,100,4,,,2,2,21000100,100,1000
11060201,灭世劈天,-1,1,hurt,1,321#421#521#621#721#821#921,55,35,1,1,11060200,0,2000,1800,100,4,,,2,2,31000100,100,1000
11070101,丹红五炼,-1,1,hurt,1,311#411#511#611#711#811#911,60,35,1,0,,3,2000,1800,100,1,,,2,3,21000200,100,1300
11070201,血流黑沙,-1,1,hurt,1,321#421#521#621#721#821#921,60,35,1,0,,3,2000,1800,100,1,,,2,3,31000200,100,1000
11080101,丹红天忍,-1,1,hurt,1,311#411#511#611#711#811#911,64,40,1,0,,19,2000,1800,100,1,,,2,3,21000200,20#30#50,1000
11080201,血流遍野,-1,1,hurt,1,321#421#521#621#721#821#921,64,40,1,0,,19,2000,1800,100,1,,,2,3,31000200,100,1200
11090101,丹红拂面,-1,1,hurt,1,311#411#511#611#711#811#911,68,45,1,1,11090100,12,2000,1800,100,5,,,2,3,21000200,100,1000
11090201,血流地裂,-1,1,hurt,1,321#421#521#621#721#821#921,68,45,1,1,11090200,12,2000,1800,100,5,,,2,3,31000200,100,1200
11100101,万象归天,-1,1,hurt,1,311#411#511#611#711#811#911,71,50,1,0,,12,2000,1800,100,1,,,2,4,21000300,20#30#50,1000
11100201,天觉灭世,-1,1,hurt,1,321#421#521#621#721#821#921,71,50,1,0,,12,2000,1800,100,1,,,2,4,31000300,40#60,1000
11110101,万象无行,-1,1,hurt,1,311#411#511#611#711#811#911,74,55,1,0,,12,2000,1800,100,1,,,2,4,21000300,100,1000
11110102,真·万象无行,-1,1,hurt,1,311#411#511#611#711#811#911,74,55,1,0,,12,2000,1800,100,1,,,2,4,21000300,100,1000
11110201,刀风血雨,-1,1,hurt,1,321#421#521#621#721#821#921,74,55,1,0,,12,2000,1800,100,1,,,2,4,31000300,20#30#50,1000
11110202,真·刀风血雨,-1,1,hurt,1,321#421#521#621#721#821#921,74,55,1,0,,12,2000,1800,100,1,,,2,4,31000300,20#30#50,1000
11120101,炎龙烈焰,-1,1,hurt,1,311#411#511#611#711#811#911,77,60,1,1,11120100,12,2000,1800,100,5,,,2,4,21000300,100,1000
11120102,真·炎龙烈焰,-1,1,hurt,1,311#411#511#611#711#811#911,77,60,1,1,11120100,12,2000,1800,100,7,,,2,4,21000300,100,1000
11120201,虎啸长空,-1,1,hurt,1,321#421#521#621#721#821#921,77,60,1,1,11120200,12,2000,1800,100,5,,,2,4,31000300,100,1000
11120202,真·虎啸长空,-1,1,hurt,1,321#421#521#621#721#821#921,77,60,1,1,11120200,12,2000,1800,100,7,,,2,4,31000300,100,1000
11130101,苍狼破月,-1,1,hurt,1,311#411#511#611#711#811#911,80,70,1,0,,12,2000,1800,100,1,,,2,5,21000400,20#30#50,1000
11130201,冥鬼瞬杀,-1,1,hurt,1,321#421#521#621#721#821#921,80,70,1,0,,12,2000,1800,100,1,,,2,5,31000400,20#30#50,1000
11140101,凤天烈火,-1,1,hurt,1,311#411#511#611#711#811#911,84,80,1,0,,12,2000,1800,100,1,,,2,5,21000400,20#30#50,1000
11140102,真·凤天烈火,-1,1,hurt,1,311#411#511#611#711#811#911,84,80,1,0,,12,2000,1800,100,1,,,2,5,21000400,20#30#50,1000
11140201,魔魂赤影,-1,1,hurt,1,321#421#521#621#721#821#921,84,80,1,0,,12,2000,1800,100,1,,,2,5,31000400,20#30#50,1000
11140202,真·魔魂赤影,-1,1,hurt,1,321#421#521#621#721#821#921,84,80,1,0,,12,2000,1800,100,1,,,2,5,31000400,20#30#50,1000
11150101,龙啸云天,-1,1,hurt,1,311#411#511#611#711#811#911,88,90,1,1,11150100,12,2000,1800,100,5,,,2,5,21000400,100,1400
11150102,真·龙啸云天,-1,1,hurt,1,311#411#511#611#711#811#911,88,90,1,1,11150100,12,2000,1800,100,7,,,2,5,21000400,100,1400
11150201,泣鬼惊天,-1,1,hurt,1,321#421#521#621#721#821#921,88,90,1,1,11150200,12,2000,1800,100,5,,,2,5,31000400,100,1200
11150202,真·泣鬼惊天,-1,1,hurt,1,321#421#521#621#721#821#921,88,90,1,1,11150200,12,2000,1800,100,7,,,2,5,31000400,100,1200
11160101,追月流星斩,-1,1,hurt,1,311#411#511#611#711#811#911,91,120,1,0,,12,2000,1800,100,1,,,2,6,21000500,100,1300
11160201,魔狱破天斩,-1,1,hurt,1,321#421#521#621#721#821#921,91,120,1,0,,12,2000,1800,100,1,,,2,6,31000500,20#30#50,1000
11170101,霸天腾龙斩,-1,1,hurt,1,311#411#511#611#711#811#911,94,130,1,0,,12,2000,1800,100,1,,,2,6,21000500,40#60,1000
11170102,真·霸天腾龙斩,-1,1,hurt,1,311#411#511#611#711#811#911,94,130,1,0,,12,2000,1800,100,1,,,2,6,21000500,40#60,1000
11170201,追魂夺命斩,-1,1,hurt,1,321#421#521#621#721#821#921,94,130,1,0,,12,2000,1800,100,1,,,2,6,31000500,100,1000
11170202,真·追魂夺命斩,-1,1,hurt,1,321#421#521#621#721#821#921,94,130,1,0,,12,2000,1800,100,1,,,2,6,31000500,100,1000
11180101,怒海狂龙斩,-1,1,hurt,1,311#411#511#611#711#811#911,97,160,1,1,11180100,12,2000,1800,100,5,,,2,6,21000500,100,1200
11180102,真·怒海狂龙斩,-1,1,hurt,1,311#411#511#611#711#811#911,97,160,1,1,11180100,12,2000,1800,100,7,,,2,6,21000500,100,1000
11180201,魔狱血莲斩,-1,1,hurt,1,321#421#521#621#721#821#921,97,160,1,1,11180200,12,2000,1800,100,5,,,2,6,31000500,100,1000
11180202,真·魔狱血莲斩,-1,1,hurt,1,321#421#521#621#721#821#921,97,160,1,1,11180200,12,2000,1800,100,7,,,2,6,31000500,100,1000
11190101,云雾飘渺,-1,1,hurt,1,311#411#511#611#711#811#911,100,160,1,0,,12,2000,1800,100,1,,,2,7,21000600,20#30#50,1000
11190201,爆炎霹雳,-1,1,hurt,1,321#421#521#621#721#821#921,100,160,1,0,,12,2000,1800,100,1,,,2,7,31000600,20#30#50,1000
11200101,无我无刀,-1,1,hurt,1,311#411#511#611#711#811#911,104,180,1,0,,12,2000,1800,100,1,,,2,7,21000600,40#60,1000
11200102,真·无我无刀,-1,1,hurt,1,311#411#511#611#711#811#911,104,180,1,0,,12,2000,1800,100,1,,,2,7,21000600,40#60,1000
11200201,炎龙爆裂,-1,1,hurt,1,321#421#521#621#721#821#921,104,180,1,0,,12,2000,1800,100,1,,,2,7,31000600,40#60,1000
11200202,真·炎龙爆裂,-1,1,hurt,1,321#421#521#621#721#821#921,104,180,1,0,,12,2000,1800,100,1,,,2,7,31000600,40#60,1000
11210101,憾天无涯,-1,1,hurt,1,311#411#511#611#711#811#911,108,220,1,1,11210100,12,2000,1800,100,5,,,2,7,21000600,100,1400
11210102,真·憾天无涯,-1,1,hurt,1,311#411#511#611#711#811#911,108,220,1,1,11210100,12,2000,1800,100,7,,,2,7,21000600,100,1400
11210201,爆炎万刃,-1,1,hurt,1,321#421#521#621#721#821#921,108,220,1,1,11210200,12,2000,1800,100,5,,,2,7,31000600,100,1000
11210202,真·爆炎万刃,-1,1,hurt,1,321#421#521#621#721#821#921,108,220,1,1,11210200,12,2000,1800,100,7,,,2,7,31000600,100,1000
11220101,白龙啸天,0,1,hurt,1,311#411#511#611#711#811#911,115,220,1,0,,12,2000,1800,100,1,,,2,1,21000700,100,390
11220102,白龙啸天,0,1,hurt,1,311#411#511#611#711#811#911,115,220,1,0,,12,2000,1800,100,1,,,2,1,21000700,100,390
11220103,白龙啸天,0,1,hurt,1,311#411#511#611#711#811#911,115,220,1,0,,12,2000,1800,100,1,,,2,1,21000700,100,390
11220104,白龙啸天,0,1,hurt,1,311#411#511#611#711#811#911,115,220,1,0,,12,2000,1800,100,1,,,2,1,21000700,100,390
11220105,白龙啸天,0,1,hurt,1,311#411#511#611#711#811#911,115,220,1,0,,12,2000,1800,100,1,,,2,1,21000700,100,390
11220106,白龙啸天,0,1,hurt,1,311#411#511#611#711#811#911,115,220,1,0,,12,2000,1800,100,1,,,2,1,21000700,100,390
11220107,白龙啸天,0,1,hurt,1,311#411#511#611#711#811#911,115,220,1,0,,12,2000,1800,100,1,,,2,1,21000700,100,390
11220108,白龙啸天,0,1,hurt,1,311#411#511#611#711#811#911,115,220,1,0,,12,2000,1800,100,1,,,2,1,21000700,100,390
11220109,白龙啸天,0,1,hurt,1,311#411#511#611#711#811#911,115,220,1,0,,12,2000,1800,100,1,,,2,1,21000700,100,390
11220110,白龙啸天,-1,1,hurt,1,311#411#511#611#711#811#911,115,220,1,0,,12,2000,1800,100,1,,,2,1,21000700,100,390
11220111,白龙啸天,-1,1,hurt,1,311#411#511#611#711#811#911,115,220,1,0,,12,2000,1800,100,1,,,2,1,21000700,100,390
11220112,白龙啸天,-1,1,hurt,1,311#411#511#611#711#811#911,115,220,1,0,,12,2000,1800,100,1,,,2,1,21000700,100,390
11220113,白龙啸天,-1,1,hurt,1,311#411#511#611#711#811#911,115,220,1,0,,12,2000,1800,100,1,,,2,1,21000700,100,390
11220114,白龙啸天,-1,1,hurt,1,311#411#511#611#711#811#911,115,220,1,0,,12,2000,1800,100,1,,,2,1,21000700,100,390
11220115,白龙啸天,-1,1,hurt,1,311#411#511#611#711#811#911,115,220,1,0,,12,2000,1800,100,1,,,2,1,21000700,100,390
11220201,霸虎魄天,0,1,hurt,1,321#421#521#621#721#821#921,115,220,1,0,,12,2000,1800,100,1,,,2,1,31000700,100,600
11220202,霸虎魄天,0,1,hurt,1,321#421#521#621#721#821#921,115,220,1,0,,12,2000,1800,100,1,,,2,1,31000700,100,600
11220203,霸虎魄天,0,1,hurt,1,321#421#521#621#721#821#921,115,220,1,0,,12,2000,1800,100,1,,,2,1,31000700,100,600
11220204,霸虎魄天,0,1,hurt,1,321#421#521#621#721#821#921,115,220,1,0,,12,2000,1800,100,1,,,2,1,31000700,100,600
11220205,霸虎魄天,0,1,hurt,1,321#421#521#621#721#821#921,115,220,1,0,,12,2000,1800,100,1,,,2,1,31000700,100,600
11220206,霸虎魄天,0,1,hurt,1,321#421#521#621#721#821#921,115,220,1,0,,12,2000,1800,100,1,,,2,1,31000700,100,600
11220207,霸虎魄天,0,1,hurt,1,321#421#521#621#721#821#921,115,220,1,0,,12,2000,1800,100,1,,,2,1,31000700,100,600
11220208,霸虎魄天,0,1,hurt,1,321#421#521#621#721#821#921,115,220,1,0,,12,2000,1800,100,1,,,2,1,31000700,100,600
11220209,霸虎魄天,0,1,hurt,1,321#421#521#621#721#821#921,115,220,1,0,,12,2000,1800,100,1,,,2,1,31000700,100,600
11220210,霸虎魄天,-1,1,hurt,1,321#421#521#621#721#821#921,115,220,1,0,,12,2000,1800,100,1,,,2,1,31000700,100,600
11220211,霸虎魄天,-1,1,hurt,1,321#421#521#621#721#821#921,115,220,1,0,,12,2000,1800,100,1,,,2,1,31000700,100,600
11220212,霸虎魄天,-1,1,hurt,1,321#421#521#621#721#821#921,115,220,1,0,,12,2000,1800,100,1,,,2,1,31000700,100,600
11220213,霸虎魄天,-1,1,hurt,1,321#421#521#621#721#821#921,115,220,1,0,,12,2000,1800,100,1,,,2,1,31000700,100,600
11220214,霸虎魄天,-1,1,hurt,1,321#421#521#621#721#821#921,115,220,1,0,,12,2000,1800,100,1,,,2,1,31000700,100,600
11220215,霸虎魄天,-1,1,hurt,1,321#421#521#621#721#821#921,115,220,1,0,,12,2000,1800,100,1,,,2,1,31000700,100,600
11230101,蛟龙破渊,0,1,hurt,1,311#411#511#611#711#811#911,115,240,1,1,11210200,12,2000,1800,100,5,,,2,1,21000700,40#60,600
11230102,蛟龙破渊,0,1,hurt,1,311#411#511#611#711#811#911,115,240,1,1,11210200,12,2000,1800,100,5,,,2,1,21000700,40#60,600
11230103,蛟龙破渊,0,1,hurt,1,311#411#511#611#711#811#911,115,240,1,1,11210200,12,2000,1800,100,5,,,2,1,21000700,40#60,600
11230104,蛟龙破渊,0,1,hurt,1,311#411#511#611#711#811#911,115,240,1,1,11210200,12,2000,1800,100,5,,,2,1,21000700,40#60,600
11230105,蛟龙破渊,0,1,hurt,1,311#411#511#611#711#811#911,115,240,1,1,11210200,12,2000,1800,100,5,,,2,1,21000700,40#60,600
11230106,蛟龙破渊,0,1,hurt,1,311#411#511#611#711#811#911,115,240,1,1,11210200,12,2000,1800,100,5,,,2,1,21000700,40#60,600
11230107,蛟龙破渊,0,1,hurt,1,311#411#511#611#711#811#911,115,240,1,1,11210200,12,2000,1800,100,5,,,2,1,21000700,40#60,600
11230108,蛟龙破渊,0,1,hurt,1,311#411#511#611#711#811#911,115,240,1,1,11210200,12,2000,1800,100,5,,,2,1,21000700,40#60,600
11230109,蛟龙破渊,0,1,hurt,1,311#411#511#611#711#811#911,115,240,1,1,11210200,12,2000,1800,100,5,,,2,1,21000700,40#60,600
11230110,蛟龙破渊,-1,1,hurt,1,311#411#511#611#711#811#911,115,240,1,1,11210200,12,2000,1800,100,5,,,2,1,21000700,40#60,600
11230111,蛟龙破渊,-1,1,hurt,1,311#411#511#611#711#811#911,115,240,1,1,11210200,12,2000,1800,100,5,,,2,1,21000700,40#60,600
11230112,蛟龙破渊,-1,1,hurt,1,311#411#511#611#711#811#911,115,240,1,1,11210200,12,2000,1800,100,5,,,2,1,21000700,40#60,600
11230113,蛟龙破渊,-1,1,hurt,1,311#411#511#611#711#811#911,115,240,1,1,11210200,12,2000,1800,100,5,,,2,1,21000700,40#60,600
11230114,蛟龙破渊,-1,1,hurt,1,311#411#511#611#711#811#911,115,240,1,1,11210200,12,2000,1800,100,5,,,2,1,21000700,40#60,600
11230115,蛟龙破渊,-1,1,hurt,1,311#411#511#611#711#811#911,115,240,1,1,11210200,12,2000,1800,100,5,,,2,1,21000700,40#60,600
11230201,猛虎疾风,0,1,hurt,1,321#421#521#621#721#821#921,115,240,1,1,11210200,12,2000,1800,100,5,,,2,1,31000700,40#60,650
11230202,猛虎疾风,0,1,hurt,1,321#421#521#621#721#821#921,115,240,1,1,11210200,12,2000,1800,100,5,,,2,1,31000700,40#60,650
11230203,猛虎疾风,0,1,hurt,1,321#421#521#621#721#821#921,115,240,1,1,11210200,12,2000,1800,100,5,,,2,1,31000700,40#60,650
11230204,猛虎疾风,0,1,hurt,1,321#421#521#621#721#821#921,115,240,1,1,11210200,12,2000,1800,100,5,,,2,1,31000700,40#60,650
11230205,猛虎疾风,0,1,hurt,1,321#421#521#621#721#821#921,115,240,1,1,11210200,12,2000,1800,100,5,,,2,1,31000700,40#60,650
11230206,猛虎疾风,0,1,hurt,1,321#421#521#621#721#821#921,115,240,1,1,11210200,12,2000,1800,100,5,,,2,1,31000700,40#60,650
11230207,猛虎疾风,0,1,hurt,1,321#421#521#621#721#821#921,115,240,1,1,11210200,12,2000,1800,100,5,,,2,1,31000700,40#60,650
11230208,猛虎疾风,0,1,hurt,1,321#421#521#621#721#821#921,115,240,1,1,11210200,12,2000,1800,100,5,,,2,1,31000700,40#60,650
11230209,猛虎疾风,0,1,hurt,1,321#421#521#621#721#821#921,115,240,1,1,11210200,12,2000,1800,100,5,,,2,1,31000700,40#60,650
11230210,猛虎疾风,-1,1,hurt,1,321#421#521#621#721#821#921,115,240,1,1,11210200,12,2000,1800,100,5,,,2,1,31000700,40#60,650
11230211,猛虎疾风,-1,1,hurt,1,321#421#521#621#721#821#921,115,240,1,1,11210200,12,2000,1800,100,5,,,2,1,31000700,40#60,650
11230212,猛虎疾风,-1,1,hurt,1,321#421#521#621#721#821#921,115,240,1,1,11210200,12,2000,1800,100,5,,,2,1,31000700,40#60,650
11230213,猛虎疾风,-1,1,hurt,1,321#421#521#621#721#821#921,115,240,1,1,11210200,12,2000,1800,100,5,,,2,1,31000700,40#60,650
11230214,猛虎疾风,-1,1,hurt,1,321#421#521#621#721#821#921,115,240,1,1,11210200,12,2000,1800,100,5,,,2,1,31000700,40#60,650
11230215,猛虎疾风,-1,1,hurt,1,321#421#521#621#721#821#921,115,240,1,1,11210200,12,2000,1800,100,5,,,2,1,31000700,40#60,650
11240101,雪中奇莲,0,1,hurt,1,311#411#511#611#711#811#911,120,260,1,0,,12,2000,1800,100,1,,,2,2,21000800,100,580
11240102,雪中奇莲,0,1,hurt,1,311#411#511#611#711#811#911,120,260,1,0,,12,2000,1800,100,1,,,2,2,21000800,100,580
11240103,雪中奇莲,0,1,hurt,1,311#411#511#611#711#811#911,120,260,1,0,,12,2000,1800,100,1,,,2,2,21000800,100,580
11240104,雪中奇莲,0,1,hurt,1,311#411#511#611#711#811#911,120,260,1,0,,12,2000,1800,100,1,,,2,2,21000800,100,580
11240105,雪中奇莲,0,1,hurt,1,311#411#511#611#711#811#911,120,260,1,0,,12,2000,1800,100,1,,,2,2,21000800,100,580
11240106,雪中奇莲,0,1,hurt,1,311#411#511#611#711#811#911,120,260,1,0,,12,2000,1800,100,1,,,2,2,21000800,100,580
11240107,雪中奇莲,0,1,hurt,1,311#411#511#611#711#811#911,120,260,1,0,,12,2000,1800,100,1,,,2,2,21000800,100,580
11240108,雪中奇莲,0,1,hurt,1,311#411#511#611#711#811#911,120,260,1,0,,12,2000,1800,100,1,,,2,2,21000800,100,580
11240109,雪中奇莲,0,1,hurt,1,311#411#511#611#711#811#911,120,260,1,0,,12,2000,1800,100,1,,,2,2,21000800,100,580
11240110,雪中奇莲,-1,1,hurt,1,311#411#511#611#711#811#911,120,260,1,0,,12,2000,1800,100,1,,,2,2,21000800,100,580
11240111,雪中奇莲,-1,1,hurt,1,311#411#511#611#711#811#911,120,260,1,0,,12,2000,1800,100,1,,,2,2,21000800,100,580
11240112,雪中奇莲,-1,1,hurt,1,311#411#511#611#711#811#911,120,260,1,0,,12,2000,1800,100,1,,,2,2,21000800,100,580
11240113,雪中奇莲,-1,1,hurt,1,311#411#511#611#711#811#911,120,260,1,0,,12,2000,1800,100,1,,,2,2,21000800,100,580
11240114,雪中奇莲,-1,1,hurt,1,311#411#511#611#711#811#911,120,260,1,0,,12,2000,1800,100,1,,,2,2,21000800,100,580
11240115,雪中奇莲,-1,1,hurt,1,311#411#511#611#711#811#911,120,260,1,0,,12,2000,1800,100,1,,,2,2,21000800,100,580
11240201,天魂狂斩,0,1,hurt,1,321#421#521#621#721#821#921,120,260,1,0,,12,2000,1800,100,1,,,2,2,31000800,100,600
11240202,天魂狂斩,0,1,hurt,1,321#421#521#621#721#821#921,120,260,1,0,,12,2000,1800,100,1,,,2,2,31000800,100,600
11240203,天魂狂斩,0,1,hurt,1,321#421#521#621#721#821#921,120,260,1,0,,12,2000,1800,100,1,,,2,2,31000800,100,600
11240204,天魂狂斩,0,1,hurt,1,321#421#521#621#721#821#921,120,260,1,0,,12,2000,1800,100,1,,,2,2,31000800,100,600
11240205,天魂狂斩,0,1,hurt,1,321#421#521#621#721#821#921,120,260,1,0,,12,2000,1800,100,1,,,2,2,31000800,100,600
11240206,天魂狂斩,0,1,hurt,1,321#421#521#621#721#821#921,120,260,1,0,,12,2000,1800,100,1,,,2,2,31000800,100,600
11240207,天魂狂斩,0,1,hurt,1,321#421#521#621#721#821#921,120,260,1,0,,12,2000,1800,100,1,,,2,2,31000800,100,600
11240208,天魂狂斩,0,1,hurt,1,321#421#521#621#721#821#921,120,260,1,0,,12,2000,1800,100,1,,,2,2,31000800,100,600
11240209,天魂狂斩,0,1,hurt,1,321#421#521#621#721#821#921,120,260,1,0,,12,2000,1800,100,1,,,2,2,31000800,100,600
11240210,天魂狂斩,-1,1,hurt,1,321#421#521#621#721#821#921,120,260,1,0,,12,2000,1800,100,1,,,2,2,31000800,100,600
11240211,天魂狂斩,-1,1,hurt,1,321#421#521#621#721#821#921,120,260,1,0,,12,2000,1800,100,1,,,2,2,31000800,100,600
11240212,天魂狂斩,-1,1,hurt,1,321#421#521#621#721#821#921,120,260,1,0,,12,2000,1800,100,1,,,2,2,31000800,100,600
11240213,天魂狂斩,-1,1,hurt,1,321#421#521#621#721#821#921,120,260,1,0,,12,2000,1800,100,1,,,2,2,31000800,100,600
11240214,天魂狂斩,-1,1,hurt,1,321#421#521#621#721#821#921,120,260,1,0,,12,2000,1800,100,1,,,2,2,31000800,100,600
11240215,天魂狂斩,-1,1,hurt,1,321#421#521#621#721#821#921,120,260,1,0,,12,2000,1800,100,1,,,2,2,31000800,100,600
11250101,霸王卸甲,0,1,hurt,1,311#411#511#611#711#811#911,120,280,1,1,11210200,12,2000,1800,100,5,,,2,2,21000800,100,740
11250102,霸王卸甲,0,1,hurt,1,311#411#511#611#711#811#911,120,280,1,1,11210200,12,2000,1800,100,5,,,2,2,21000800,100,740
11250103,霸王卸甲,0,1,hurt,1,311#411#511#611#711#811#911,120,280,1,1,11210200,12,2000,1800,100,5,,,2,2,21000800,100,740
11250104,霸王卸甲,0,1,hurt,1,311#411#511#611#711#811#911,120,280,1,1,11210200,12,2000,1800,100,5,,,2,2,21000800,100,740
11250105,霸王卸甲,0,1,hurt,1,311#411#511#611#711#811#911,120,280,1,1,11210200,12,2000,1800,100,5,,,2,2,21000800,100,740
11250106,霸王卸甲,0,1,hurt,1,311#411#511#611#711#811#911,120,280,1,1,11210200,12,2000,1800,100,5,,,2,2,21000800,100,740
11250107,霸王卸甲,0,1,hurt,1,311#411#511#611#711#811#911,120,280,1,1,11210200,12,2000,1800,100,5,,,2,2,21000800,100,740
11250108,霸王卸甲,0,1,hurt,1,311#411#511#611#711#811#911,120,280,1,1,11210200,12,2000,1800,100,5,,,2,2,21000800,100,740
11250109,霸王卸甲,0,1,hurt,1,311#411#511#611#711#811#911,120,280,1,1,11210200,12,2000,1800,100,5,,,2,2,21000800,100,740
11250110,霸王卸甲,-1,1,hurt,1,311#411#511#611#711#811#911,120,280,1,1,11210200,12,2000,1800,100,5,,,2,2,21000800,100,740
11250111,霸王卸甲,-1,1,hurt,1,311#411#511#611#711#811#911,120,280,1,1,11210200,12,2000,1800,100,5,,,2,2,21000800,100,740
11250112,霸王卸甲,-1,1,hurt,1,311#411#511#611#711#811#911,120,280,1,1,11210200,12,2000,1800,100,5,,,2,2,21000800,100,740
11250113,霸王卸甲,-1,1,hurt,1,311#411#511#611#711#811#911,120,280,1,1,11210200,12,2000,1800,100,5,,,2,2,21000800,100,740
11250114,霸王卸甲,-1,1,hurt,1,311#411#511#611#711#811#911,120,280,1,1,11210200,12,2000,1800,100,5,,,2,2,21000800,100,740
11250115,霸王卸甲,-1,1,hurt,1,311#411#511#611#711#811#911,120,280,1,1,11210200,12,2000,1800,100,5,,,2,2,21000800,100,740
11250201,炫炎决斩,0,1,hurt,1,321#421#521#621#721#821#921,120,280,1,1,11210200,12,2000,1800,100,5,,,2,2,31000800,100,650
11250202,炫炎决斩,0,1,hurt,1,321#421#521#621#721#821#921,120,280,1,1,11210200,12,2000,1800,100,5,,,2,2,31000800,100,650
11250203,炫炎决斩,0,1,hurt,1,321#421#521#621#721#821#921,120,280,1,1,11210200,12,2000,1800,100,5,,,2,2,31000800,100,650
11250204,炫炎决斩,0,1,hurt,1,321#421#521#621#721#821#921,120,280,1,1,11210200,12,2000,1800,100,5,,,2,2,31000800,100,650
11250205,炫炎决斩,0,1,hurt,1,321#421#521#621#721#821#921,120,280,1,1,11210200,12,2000,1800,100,5,,,2,2,31000800,100,650
11250206,炫炎决斩,0,1,hurt,1,321#421#521#621#721#821#921,120,280,1,1,11210200,12,2000,1800,100,5,,,2,2,31000800,100,650
11250207,炫炎决斩,0,1,hurt,1,321#421#521#621#721#821#921,120,280,1,1,11210200,12,2000,1800,100,5,,,2,2,31000800,100,650
11250208,炫炎决斩,0,1,hurt,1,321#421#521#621#721#821#921,120,280,1,1,11210200,12,2000,1800,100,5,,,2,2,31000800,100,650
11250209,炫炎决斩,0,1,hurt,1,321#421#521#621#721#821#921,120,280,1,1,11210200,12,2000,1800,100,5,,,2,2,31000800,100,650
11250210,炫炎决斩,-1,1,hurt,1,321#421#521#621#721#821#921,120,280,1,1,11210200,12,2000,1800,100,5,,,2,2,31000800,100,650
11250211,炫炎决斩,-1,1,hurt,1,321#421#521#621#721#821#921,120,280,1,1,11210200,12,2000,1800,100,5,,,2,2,31000800,100,650
11250212,炫炎决斩,-1,1,hurt,1,321#421#521#621#721#821#921,120,280,1,1,11210200,12,2000,1800,100,5,,,2,2,31000800,100,650
11250213,炫炎决斩,-1,1,hurt,1,321#421#521#621#721#821#921,120,280,1,1,11210200,12,2000,1800,100,5,,,2,2,31000800,100,650
11250214,炫炎决斩,-1,1,hurt,1,321#421#521#621#721#821#921,120,280,1,1,11210200,12,2000,1800,100,5,,,2,2,31000800,100,650
11250215,炫炎决斩,-1,1,hurt,1,321#421#521#621#721#821#921,120,280,1,1,11210200,12,2000,1800,100,5,,,2,2,31000800,100,650
11260101,斗转回星,0,1,hurt,1,311#411#511#611#711#811#911,130,300,1,0,,12,2000,1800,100,1,,,2,3,21000900,100,730
11260102,斗转回星,0,1,hurt,1,311#411#511#611#711#811#911,130,300,1,0,,12,2000,1800,100,1,,,2,3,21000900,100,730
11260103,斗转回星,0,1,hurt,1,311#411#511#611#711#811#911,130,300,1,0,,12,2000,1800,100,1,,,2,3,21000900,100,730
11260104,斗转回星,0,1,hurt,1,311#411#511#611#711#811#911,130,300,1,0,,12,2000,1800,100,1,,,2,3,21000900,100,730
11260105,斗转回星,0,1,hurt,1,311#411#511#611#711#811#911,130,300,1,0,,12,2000,1800,100,1,,,2,3,21000900,100,730
11260106,斗转回星,0,1,hurt,1,311#411#511#611#711#811#911,130,300,1,0,,12,2000,1800,100,1,,,2,3,21000900,100,730
11260107,斗转回星,0,1,hurt,1,311#411#511#611#711#811#911,130,300,1,0,,12,2000,1800,100,1,,,2,3,21000900,100,730
11260108,斗转回星,0,1,hurt,1,311#411#511#611#711#811#911,130,300,1,0,,12,2000,1800,100,1,,,2,3,21000900,100,730
11260109,斗转回星,0,1,hurt,1,311#411#511#611#711#811#911,130,300,1,0,,12,2000,1800,100,1,,,2,3,21000900,100,730
11260110,斗转回星,-1,1,hurt,1,311#411#511#611#711#811#911,130,300,1,0,,12,2000,1800,100,1,,,2,3,21000900,100,730
11260111,斗转回星,-1,1,hurt,1,311#411#511#611#711#811#911,130,300,1,0,,12,2000,1800,100,1,,,2,3,21000900,100,730
11260112,斗转回星,-1,1,hurt,1,311#411#511#611#711#811#911,130,300,1,0,,12,2000,1800,100,1,,,2,3,21000900,100,730
11260113,斗转回星,-1,1,hurt,1,311#411#511#611#711#811#911,130,300,1,0,,12,2000,1800,100,1,,,2,3,21000900,100,730
11260114,斗转回星,-1,1,hurt,1,311#411#511#611#711#811#911,130,300,1,0,,12,2000,1800,100,1,,,2,3,21000900,100,730
11260115,斗转回星,-1,1,hurt,1,311#411#511#611#711#811#911,130,300,1,0,,12,2000,1800,100,1,,,2,3,21000900,100,730
11260201,天魔覆地,0,1,hurt,1,321#421#521#621#721#821#921,130,300,1,0,,12,2000,1800,100,1,,,2,3,31000900,100,780
11260202,天魔覆地,0,1,hurt,1,321#421#521#621#721#821#921,130,300,1,0,,12,2000,1800,100,1,,,2,3,31000900,100,780
11260203,天魔覆地,0,1,hurt,1,321#421#521#621#721#821#921,130,300,1,0,,12,2000,1800,100,1,,,2,3,31000900,100,780
11260204,天魔覆地,0,1,hurt,1,321#421#521#621#721#821#921,130,300,1,0,,12,2000,1800,100,1,,,2,3,31000900,100,780
11260205,天魔覆地,0,1,hurt,1,321#421#521#621#721#821#921,130,300,1,0,,12,2000,1800,100,1,,,2,3,31000900,100,780
11260206,天魔覆地,0,1,hurt,1,321#421#521#621#721#821#921,130,300,1,0,,12,2000,1800,100,1,,,2,3,31000900,100,780
11260207,天魔覆地,0,1,hurt,1,321#421#521#621#721#821#921,130,300,1,0,,12,2000,1800,100,1,,,2,3,31000900,100,780
11260208,天魔覆地,0,1,hurt,1,321#421#521#621#721#821#921,130,300,1,0,,12,2000,1800,100,1,,,2,3,31000900,100,780
11260209,天魔覆地,0,1,hurt,1,321#421#521#621#721#821#921,130,300,1,0,,12,2000,1800,100,1,,,2,3,31000900,100,780
11260210,天魔覆地,-1,1,hurt,1,321#421#521#621#721#821#921,130,300,1,0,,12,2000,1800,100,1,,,2,3,31000900,100,780
11260211,天魔覆地,-1,1,hurt,1,321#421#521#621#721#821#921,130,300,1,0,,12,2000,1800,100,1,,,2,3,31000900,100,780
11260212,天魔覆地,-1,1,hurt,1,321#421#521#621#721#821#921,130,300,1,0,,12,2000,1800,100,1,,,2,3,31000900,100,780
11260213,天魔覆地,-1,1,hurt,1,321#421#521#621#721#821#921,130,300,1,0,,12,2000,1800,100,1,,,2,3,31000900,100,780
11260214,天魔覆地,-1,1,hurt,1,321#421#521#621#721#821#921,130,300,1,0,,12,2000,1800,100,1,,,2,3,31000900,100,780
11260215,天魔覆地,-1,1,hurt,1,321#421#521#621#721#821#921,130,300,1,0,,12,2000,1800,100,1,,,2,3,31000900,100,780
11270101,星辰裂变,0,1,hurt,1,311#411#511#611#711#811#911,130,320,1,1,11210200,12,2000,1800,100,5,,,2,3,21000900,100,730
11270102,星辰裂变,0,1,hurt,1,311#411#511#611#711#811#911,130,320,1,1,11210200,12,2000,1800,100,5,,,2,3,21000900,100,730
11270103,星辰裂变,0,1,hurt,1,311#411#511#611#711#811#911,130,320,1,1,11210200,12,2000,1800,100,5,,,2,3,21000900,100,730
11270104,星辰裂变,0,1,hurt,1,311#411#511#611#711#811#911,130,320,1,1,11210200,12,2000,1800,100,5,,,2,3,21000900,100,730
11270105,星辰裂变,0,1,hurt,1,311#411#511#611#711#811#911,130,320,1,1,11210200,12,2000,1800,100,5,,,2,3,21000900,100,730
11270106,星辰裂变,0,1,hurt,1,311#411#511#611#711#811#911,130,320,1,1,11210200,12,2000,1800,100,5,,,2,3,21000900,100,730
11270107,星辰裂变,0,1,hurt,1,311#411#511#611#711#811#911,130,320,1,1,11210200,12,2000,1800,100,5,,,2,3,21000900,100,730
11270108,星辰裂变,0,1,hurt,1,311#411#511#611#711#811#911,130,320,1,1,11210200,12,2000,1800,100,5,,,2,3,21000900,100,730
11270109,星辰裂变,0,1,hurt,1,311#411#511#611#711#811#911,130,320,1,1,11210200,12,2000,1800,100,5,,,2,3,21000900,100,730
11270110,星辰裂变,-1,1,hurt,1,311#411#511#611#711#811#911,130,320,1,1,11210200,12,2000,1800,100,5,,,2,3,21000900,100,730
11270111,星辰裂变,-1,1,hurt,1,311#411#511#611#711#811#911,130,320,1,1,11210200,12,2000,1800,100,5,,,2,3,21000900,100,730
11270112,星辰裂变,-1,1,hurt,1,311#411#511#611#711#811#911,130,320,1,1,11210200,12,2000,1800,100,5,,,2,3,21000900,100,730
11270113,星辰裂变,-1,1,hurt,1,311#411#511#611#711#811#911,130,320,1,1,11210200,12,2000,1800,100,5,,,2,3,21000900,100,730
11270114,星辰裂变,-1,1,hurt,1,311#411#511#611#711#811#911,130,320,1,1,11210200,12,2000,1800,100,5,,,2,3,21000900,100,730
11270115,星辰裂变,-1,1,hurt,1,311#411#511#611#711#811#911,130,320,1,1,11210200,12,2000,1800,100,5,,,2,3,21000900,100,730
11270201,焰炙六合,0,1,hurt,1,321#421#521#621#721#821#921,130,320,1,1,11210200,12,2000,1800,100,5,,,2,3,31000900,100,790
11270202,焰炙六合,0,1,hurt,1,321#421#521#621#721#821#921,130,320,1,1,11210200,12,2000,1800,100,5,,,2,3,31000900,100,790
11270203,焰炙六合,0,1,hurt,1,321#421#521#621#721#821#921,130,320,1,1,11210200,12,2000,1800,100,5,,,2,3,31000900,100,790
11270204,焰炙六合,0,1,hurt,1,321#421#521#621#721#821#921,130,320,1,1,11210200,12,2000,1800,100,5,,,2,3,31000900,100,790
11270205,焰炙六合,0,1,hurt,1,321#421#521#621#721#821#921,130,320,1,1,11210200,12,2000,1800,100,5,,,2,3,31000900,100,790
11270206,焰炙六合,0,1,hurt,1,321#421#521#621#721#821#921,130,320,1,1,11210200,12,2000,1800,100,5,,,2,3,31000900,100,790
11270207,焰炙六合,0,1,hurt,1,321#421#521#621#721#821#921,130,320,1,1,11210200,12,2000,1800,100,5,,,2,3,31000900,100,790
11270208,焰炙六合,0,1,hurt,1,321#421#521#621#721#821#921,130,320,1,1,11210200,12,2000,1800,100,5,,,2,3,31000900,100,790
11270209,焰炙六合,0,1,hurt,1,321#421#521#621#721#821#921,130,320,1,1,11210200,12,2000,1800,100,5,,,2,3,31000900,100,790
11270210,焰炙六合,-1,1,hurt,1,321#421#521#621#721#821#921,130,320,1,1,11210200,12,2000,1800,100,5,,,2,3,31000900,100,790
11270211,焰炙六合,-1,1,hurt,1,321#421#521#621#721#821#921,130,320,1,1,11210200,12,2000,1800,100,5,,,2,3,31000900,100,790
11270212,焰炙六合,-1,1,hurt,1,321#421#521#621#721#821#921,130,320,1,1,11210200,12,2000,1800,100,5,,,2,3,31000900,100,790
11270213,焰炙六合,-1,1,hurt,1,321#421#521#621#721#821#921,130,320,1,1,11210200,12,2000,1800,100,5,,,2,3,31000900,100,790
11270214,焰炙六合,-1,1,hurt,1,321#421#521#621#721#821#921,130,320,1,1,11210200,12,2000,1800,100,5,,,2,3,31000900,100,790
11270215,焰炙六合,-1,1,hurt,1,321#421#521#621#721#821#921,130,320,1,1,11210200,12,2000,1800,100,5,,,2,3,31000900,100,790
12010101,震云贯日,-1,1,hurt,1,102#202#312#322#412#422#512#522#612#622#712#722#812#822#912#922,10,5,1,0,,5,2000,1800,100,1,,,2,1,12000100,100,1400
12020101,腾雾强击,-1,1,hurt,1,102#202#312#322#412#422#512#522#612#622#712#722#812#822#912#922,20,12,1,0,,6,2000,1800,100,1,,,2,1,12000100,40#60,1600
12030101,纸传决打,-1,1,hurt,1,102#202#312#322#412#422#512#522#612#622#712#722#812#822#912#922,30,18,1,0,,2,2000,1800,100,1,,,2,1,12000100,25#35#40,800
12040101,连环归灭,-1,1,hurt,1,312#412#512#612#712#812#912,35,20,1,0,,2,2000,1800,100,1,,,2,2,22000100,40#60,1000
12040201,火星乍现,-1,1,hurt,1,322#422#522#622#722#822#922,35,20,1,0,,2,2000,1800,100,1,,,2,2,32000100,100,1000
12050101,连环飞天,-1,1,hurt,1,312#412#512#612#712#812#912,45,25,1,0,,3,2000,1800,100,1,,,2,2,22000100,100,1000
12050201,中流砥柱,-1,1,hurt,1,322#422#522#622#722#822#922,45,25,1,0,,3,2000,1800,100,1,,,2,2,32000100,100,1000
12060101,连环屠龙,-1,1,hurt,1,312#412#512#612#712#812#912,55,30,1,0,,0,2000,1800,100,1,,,2,2,22000100,40#60,1000
12060201,威凌天下,-1,1,hurt,1,322#422#522#622#722#822#922,55,30,1,0,,0,2000,1800,100,1,,,2,2,32000100,100,1200
12070101,白虎吞天,-1,1,hurt,1,312#412#512#612#712#812#912,60,35,1,0,,3,2000,1800,100,1,,,2,3,22000200,40#60,1000
12070201,逆天灭龙,-1,1,hurt,1,322#422#522#622#722#822#922,60,35,1,0,,3,2000,1800,100,1,,,2,3,32000200,40#60,1000
12080101,哀伤魔枪,-1,1,hurt,1,312#412#512#612#712#812#912,64,40,1,0,,19,2000,1800,100,1,,,2,3,22000200,25#35#40,1000
12080201,逆天煞星,-1,1,hurt,1,322#422#522#622#722#822#922,64,40,1,0,,19,2000,1800,100,1,,,2,3,32000200,25#35#40,1200
12090101,龟寿裂杀,-1,1,hurt,1,312#412#512#612#712#812#912,68,45,1,0,,12,2000,1800,100,1,,,2,3,22000200,40#60,1000
12090201,逆天将魔,-1,1,hurt,1,322#422#522#622#722#822#922,68,45,1,0,,12,2000,1800,100,1,,,2,3,32000200,100,1000
12100101,义薄云天,-1,1,hurt,1,312#412#512#612#712#812#912,71,50,1,0,,12,2000,1800,100,1,,,2,4,22000300,25#35#40,1000
12100201,天地无用,-1,1,hurt,1,322#422#522#622#722#822#922,71,50,1,0,,12,2000,1800,100,1,,,2,4,32000300,25#35#40,1000
12110101,龙腾四海,-1,1,hurt,1,312#412#512#612#712#812#912,74,55,1,0,,12,2000,1800,100,1,,,2,4,22000300,100,1000
12110102,真·龙腾四海,-1,1,hurt,1,312#412#512#612#712#812#912,74,55,1,0,,12,2000,1800,100,1,,,2,4,22000300,100,1000
12110201,神龙破甲,-1,1,hurt,1,322#422#522#622#722#822#922,74,55,1,0,,12,2000,1800,100,1,,,2,4,32000300,40#60,1000
12110202,真·神龙破甲,-1,1,hurt,1,322#422#522#622#722#822#922,74,55,1,0,,12,2000,1800,100,1,,,2,4,32000300,40#60,1000
12120101,鹰击长空,-1,1,hurt,1,312#412#512#612#712#812#912,77,60,1,0,,12,2000,1800,100,1,,,2,4,22000300,40#60,1000
12120102,真·鹰击长空,-1,1,hurt,1,312#412#512#612#712#812#912,77,60,1,1,12120100,12,2000,1800,100,3,,,2,4,22000300,40#60,1000
12120201,金蛇狂舞,-1,1,hurt,1,322#422#522#622#722#822#922,77,60,1,0,,12,2000,1800,100,1,,,2,4,32000300,40#60,1000
12120202,真·金蛇狂舞,-1,1,hurt,1,322#422#522#622#722#822#922,77,60,1,1,12120200,12,2000,1800,100,3,,,2,4,32000300,40#60,1000
12130101,天人合一,-1,1,hurt,1,312#412#512#612#712#812#912,80,70,1,0,,12,2000,1800,100,1,,,2,5,22000400,40#60,1000
12130201,天魔掠影,-1,1,hurt,1,322#422#522#622#722#822#922,80,70,1,0,,12,2000,1800,100,1,,,2,5,32000400,25#35#40,1000
12140101,天神万钧,-1,1,hurt,1,312#412#512#612#712#812#912,84,80,1,0,,12,2000,1800,100,1,,,2,5,22000400,40#60,1000
12140102,真·天神万钧,-1,1,hurt,1,312#412#512#612#712#812#912,84,80,1,0,,12,2000,1800,100,1,,,2,5,22000400,40#60,1000
12140201,魔天暗日,-1,1,hurt,1,322#422#522#622#722#822#922,84,80,1,0,,12,2000,1800,100,1,,,2,5,32000400,25#35#40,1000
12140202,真·魔天暗日,-1,1,hurt,1,322#422#522#622#722#822#922,84,80,1,0,,12,2000,1800,100,1,,,2,5,32000400,25#35#40,1000
12150101,无天无地,-1,1,hurt,1,312#412#512#612#712#812#912,88,90,1,0,,12,2000,1800,100,1,,,2,5,22000400,25#35#40,1000
12150102,真·无天无地,-1,1,hurt,1,312#412#512#612#712#812#912,88,90,1,1,12150100,12,2000,1800,100,3,,,2,5,22000400,25#35#40,1000
12150201,魔天灭世,-1,1,hurt,1,322#422#522#622#722#822#922,88,90,1,0,,12,2000,1800,100,1,,,2,5,32000400,25#35#40,1000
12150202,真·魔天灭世,-1,1,hurt,1,322#422#522#622#722#822#922,88,90,1,1,12150200,12,2000,1800,100,3,,,2,5,32000400,25#35#40,1000
12160101,追风天狼刺,-1,1,hurt,1,312#412#512#612#712#812#912,91,120,1,0,,12,2000,1800,100,1,,,2,6,22000500,25#35#40,1000
12160201,毒龙断魂刺,-1,1,hurt,1,322#422#522#622#722#822#922,91,120,1,0,,12,2000,1800,100,1,,,2,6,32000500,40#60,1000
12170101,嗜血天狼击,-1,1,hurt,1,312#412#512#612#712#812#912,94,130,1,0,,12,2000,1800,100,1,,,2,6,22000500,25#35#40,1000
12170102,真·嗜血天狼击,-1,1,hurt,1,312#412#512#612#712#812#912,94,130,1,0,,12,2000,1800,100,1,,,2,6,22000500,25#35#40,1000
12170201,毒龙穿心钻,-1,1,hurt,1,322#422#522#622#722#822#922,94,130,1,0,,12,2000,1800,100,1,,,2,6,32000500,40#60,1000
12170202,真·毒龙穿心钻,-1,1,hurt,1,322#422#522#622#722#822#922,94,130,1,0,,12,2000,1800,100,1,,,2,6,32000500,40#60,1000
12180101,疾风天狼破,-1,1,hurt,1,312#412#512#612#712#812#912,97,140,1,0,,12,2000,1800,100,1,,,2,6,22000500,25#35#40,1000
12180102,真·疾风天狼破,-1,1,hurt,1,312#412#512#612#712#812#912,97,140,1,1,12180100,12,2000,1800,100,3,,,2,6,22000500,25#35#40,1000
12180201,狂舞千龙破,-1,1,hurt,1,322#422#522#622#722#822#922,97,140,1,0,,12,2000,1800,100,1,,,2,6,32000500,40#60,1000
12180202,真·狂舞千龙破,-1,1,hurt,1,322#422#522#622#722#822#922,97,140,1,1,12180200,12,2000,1800,100,3,,,2,6,32000500,40#60,1000
12190101,冰凝雪影,-1,1,hurt,1,312#412#512#612#712#812#912,100,160,1,0,,12,2000,1800,100,1,,,2,7,22000600,25#35#40,1000
12190201,血雨鬼泣,-1,1,hurt,1,322#422#522#622#722#822#922,100,160,1,0,,12,2000,1800,100,1,,,2,7,32000600,25#35#40,1000
12200101,冰刃狂舞,-1,1,hurt,1,312#412#512#612#712#812#912,104,180,1,0,,12,2000,1800,100,1,,,2,7,22000600,40#60,1000
12200102,真·冰刃狂舞,-1,1,hurt,1,312#412#512#612#712#812#912,104,180,1,0,,12,2000,1800,100,1,,,2,7,22000600,40#60,1000
12200201,血祭天下,-1,1,hurt,1,322#422#522#622#722#822#922,104,180,1,0,,12,2000,1800,100,1,,,2,7,32000600,40#60,1000
12200202,真·血祭天下,-1,1,hurt,1,322#422#522#622#722#822#922,104,180,1,0,,12,2000,1800,100,1,,,2,7,32000600,40#60,1000
12210101,冰灵无极,-1,1,hurt,1,312#412#512#612#712#812#912,108,200,1,0,,12,2000,1800,100,1,,,2,7,22000600,40#60,1000
12210102,真·冰灵无极,-1,1,hurt,1,312#412#512#612#712#812#912,108,200,1,1,12210100,12,2000,1800,100,3,,,2,7,22000600,40#60,1000
12210201,神枪泣血,-1,1,hurt,1,322#422#522#622#722#822#922,108,200,1,0,,12,2000,1800,100,1,,,2,7,32000600,100,1300
12210202,真·神枪泣血,-1,1,hurt,1,322#422#522#622#722#822#922,108,200,1,1,12210200,12,2000,1800,100,3,,,2,7,32000600,100,1300
12220101,狼魄撼海震,0,1,hurt,1,312#412#512#612#712#812#912,115,220,1,0,,12,2000,1800,100,1,,,2,1,22000700,100,700
12220102,狼魄撼海震,0,1,hurt,1,312#412#512#612#712#812#912,115,220,1,0,,12,2000,1800,100,1,,,2,1,22000700,100,700
12220103,狼魄撼海震,0,1,hurt,1,312#412#512#612#712#812#912,115,220,1,0,,12,2000,1800,100,1,,,2,1,22000700,100,700
12220104,狼魄撼海震,0,1,hurt,1,312#412#512#612#712#812#912,115,220,1,0,,12,2000,1800,100,1,,,2,1,22000700,100,700
12220105,狼魄撼海震,0,1,hurt,1,312#412#512#612#712#812#912,115,220,1,0,,12,2000,1800,100,1,,,2,1,22000700,100,700
12220106,狼魄撼海震,0,1,hurt,1,312#412#512#612#712#812#912,115,220,1,0,,12,2000,1800,100,1,,,2,1,22000700,100,700
12220107,狼魄撼海震,0,1,hurt,1,312#412#512#612#712#812#912,115,220,1,0,,12,2000,1800,100,1,,,2,1,22000700,100,700
12220108,狼魄撼海震,0,1,hurt,1,312#412#512#612#712#812#912,115,220,1,0,,12,2000,1800,100,1,,,2,1,22000700,100,700
12220109,狼魄撼海震,0,1,hurt,1,312#412#512#612#712#812#912,115,220,1,0,,12,2000,1800,100,1,,,2,1,22000700,100,700
12220110,狼魄撼海震,-1,1,hurt,1,312#412#512#612#712#812#912,115,220,1,0,,12,2000,1800,100,1,,,2,1,22000700,100,700
12220111,狼魄撼海震,-1,1,hurt,1,312#412#512#612#712#812#912,115,220,1,0,,12,2000,1800,100,1,,,2,1,22000700,100,700
12220112,狼魄撼海震,-1,1,hurt,1,312#412#512#612#712#812#912,115,220,1,0,,12,2000,1800,100,1,,,2,1,22000700,100,700
12220113,狼魄撼海震,-1,1,hurt,1,312#412#512#612#712#812#912,115,220,1,0,,12,2000,1800,100,1,,,2,1,22000700,100,700
12220114,狼魄撼海震,-1,1,hurt,1,312#412#512#612#712#812#912,115,220,1,0,,12,2000,1800,100,1,,,2,1,22000700,100,700
12220115,狼魄撼海震,-1,1,hurt,1,312#412#512#612#712#812#912,115,220,1,0,,12,2000,1800,100,1,,,2,1,22000700,100,700
12220201,峨咤覆石宗,0,1,hurt,1,322#422#522#622#722#822#922,115,220,1,0,,12,2000,1800,100,1,,,2,1,32000700,100,750
12220202,峨咤覆石宗,0,1,hurt,1,322#422#522#622#722#822#922,115,220,1,0,,12,2000,1800,100,1,,,2,1,32000700,100,750
12220203,峨咤覆石宗,0,1,hurt,1,322#422#522#622#722#822#922,115,220,1,0,,12,2000,1800,100,1,,,2,1,32000700,100,750
12220204,峨咤覆石宗,0,1,hurt,1,322#422#522#622#722#822#922,115,220,1,0,,12,2000,1800,100,1,,,2,1,32000700,100,750
12220205,峨咤覆石宗,0,1,hurt,1,322#422#522#622#722#822#922,115,220,1,0,,12,2000,1800,100,1,,,2,1,32000700,100,750
12220206,峨咤覆石宗,0,1,hurt,1,322#422#522#622#722#822#922,115,220,1,0,,12,2000,1800,100,1,,,2,1,32000700,100,750
12220207,峨咤覆石宗,0,1,hurt,1,322#422#522#622#722#822#922,115,220,1,0,,12,2000,1800,100,1,,,2,1,32000700,100,750
12220208,峨咤覆石宗,0,1,hurt,1,322#422#522#622#722#822#922,115,220,1,0,,12,2000,1800,100,1,,,2,1,32000700,100,750
12220209,峨咤覆石宗,0,1,hurt,1,322#422#522#622#722#822#922,115,220,1,0,,12,2000,1800,100,1,,,2,1,32000700,100,750
12220210,峨咤覆石宗,-1,1,hurt,1,322#422#522#622#722#822#922,115,220,1,0,,12,2000,1800,100,1,,,2,1,32000700,100,750
12220211,峨咤覆石宗,-1,1,hurt,1,322#422#522#622#722#822#922,115,220,1,0,,12,2000,1800,100,1,,,2,1,32000700,100,750
12220212,峨咤覆石宗,-1,1,hurt,1,322#422#522#622#722#822#922,115,220,1,0,,12,2000,1800,100,1,,,2,1,32000700,100,750
12220213,峨咤覆石宗,-1,1,hurt,1,322#422#522#622#722#822#922,115,220,1,0,,12,2000,1800,100,1,,,2,1,32000700,100,750
12220214,峨咤覆石宗,-1,1,hurt,1,322#422#522#622#722#822#922,115,220,1,0,,12,2000,1800,100,1,,,2,1,32000700,100,750
12220215,峨咤覆石宗,-1,1,hurt,1,322#422#522#622#722#822#922,115,220,1,0,,12,2000,1800,100,1,,,2,1,32000700,100,750
12230101,唤神翻天震,0,1,hurt,1,312#412#512#612#712#812#912,115,240,1,1,12210200,12,2000,1800,100,3,,,2,1,22000700,40#60,600
12230102,唤神翻天震,0,1,hurt,1,312#412#512#612#712#812#912,115,240,1,1,12210200,12,2000,1800,100,3,,,2,1,22000700,40#60,600
12230103,唤神翻天震,0,1,hurt,1,312#412#512#612#712#812#912,115,240,1,1,12210200,12,2000,1800,100,3,,,2,1,22000700,40#60,600
12230104,唤神翻天震,0,1,hurt,1,312#412#512#612#712#812#912,115,240,1,1,12210200,12,2000,1800,100,3,,,2,1,22000700,40#60,600
12230105,唤神翻天震,0,1,hurt,1,312#412#512#612#712#812#912,115,240,1,1,12210200,12,2000,1800,100,3,,,2,1,22000700,40#60,600
12230106,唤神翻天震,0,1,hurt,1,312#412#512#612#712#812#912,115,240,1,1,12210200,12,2000,1800,100,3,,,2,1,22000700,40#60,600
12230107,唤神翻天震,0,1,hurt,1,312#412#512#612#712#812#912,115,240,1,1,12210200,12,2000,1800,100,3,,,2,1,22000700,40#60,600
12230108,唤神翻天震,0,1,hurt,1,312#412#512#612#712#812#912,115,240,1,1,12210200,12,2000,1800,100,3,,,2,1,22000700,40#60,600
12230109,唤神翻天震,0,1,hurt,1,312#412#512#612#712#812#912,115,240,1,1,12210200,12,2000,1800,100,3,,,2,1,22000700,40#60,600
12230110,唤神翻天震,-1,1,hurt,1,312#412#512#612#712#812#912,115,240,1,1,12210200,12,2000,1800,100,3,,,2,1,22000700,40#60,600
12230111,唤神翻天震,-1,1,hurt,1,312#412#512#612#712#812#912,115,240,1,1,12210200,12,2000,1800,100,3,,,2,1,22000700,40#60,600
12230112,唤神翻天震,-1,1,hurt,1,312#412#512#612#712#812#912,115,240,1,1,12210200,12,2000,1800,100,3,,,2,1,22000700,40#60,600
12230113,唤神翻天震,-1,1,hurt,1,312#412#512#612#712#812#912,115,240,1,1,12210200,12,2000,1800,100,3,,,2,1,22000700,40#60,600
12230114,唤神翻天震,-1,1,hurt,1,312#412#512#612#712#812#912,115,240,1,1,12210200,12,2000,1800,100,3,,,2,1,22000700,40#60,600
12230115,唤神翻天震,-1,1,hurt,1,312#412#512#612#712#812#912,115,240,1,1,12210200,12,2000,1800,100,3,,,2,1,22000700,40#60,600
12230201,揽魂摄地宗,0,1,hurt,1,322#422#522#622#722#822#922,115,240,1,1,12210200,12,2000,1800,100,3,,,2,1,32000700,40#60,960
12230202,揽魂摄地宗,0,1,hurt,1,322#422#522#622#722#822#922,115,240,1,1,12210200,12,2000,1800,100,3,,,2,1,32000700,40#60,960
12230203,揽魂摄地宗,0,1,hurt,1,322#422#522#622#722#822#922,115,240,1,1,12210200,12,2000,1800,100,3,,,2,1,32000700,40#60,960
12230204,揽魂摄地宗,0,1,hurt,1,322#422#522#622#722#822#922,115,240,1,1,12210200,12,2000,1800,100,3,,,2,1,32000700,40#60,960
12230205,揽魂摄地宗,0,1,hurt,1,322#422#522#622#722#822#922,115,240,1,1,12210200,12,2000,1800,100,3,,,2,1,32000700,40#60,960
12230206,揽魂摄地宗,0,1,hurt,1,322#422#522#622#722#822#922,115,240,1,1,12210200,12,2000,1800,100,3,,,2,1,32000700,40#60,960
12230207,揽魂摄地宗,0,1,hurt,1,322#422#522#622#722#822#922,115,240,1,1,12210200,12,2000,1800,100,3,,,2,1,32000700,40#60,960
12230208,揽魂摄地宗,0,1,hurt,1,322#422#522#622#722#822#922,115,240,1,1,12210200,12,2000,1800,100,3,,,2,1,32000700,40#60,960
12230209,揽魂摄地宗,0,1,hurt,1,322#422#522#622#722#822#922,115,240,1,1,12210200,12,2000,1800,100,3,,,2,1,32000700,40#60,960
12230210,揽魂摄地宗,-1,1,hurt,1,322#422#522#622#722#822#922,115,240,1,1,12210200,12,2000,1800,100,3,,,2,1,32000700,40#60,960
12230211,揽魂摄地宗,-1,1,hurt,1,322#422#522#622#722#822#922,115,240,1,1,12210200,12,2000,1800,100,3,,,2,1,32000700,40#60,960
12230212,揽魂摄地宗,-1,1,hurt,1,322#422#522#622#722#822#922,115,240,1,1,12210200,12,2000,1800,100,3,,,2,1,32000700,40#60,960
12230213,揽魂摄地宗,-1,1,hurt,1,322#422#522#622#722#822#922,115,240,1,1,12210200,12,2000,1800,100,3,,,2,1,32000700,40#60,960
12230214,揽魂摄地宗,-1,1,hurt,1,322#422#522#622#722#822#922,115,240,1,1,12210200,12,2000,1800,100,3,,,2,1,32000700,40#60,960
12230215,揽魂摄地宗,-1,1,hurt,1,322#422#522#622#722#822#922,115,240,1,1,12210200,12,2000,1800,100,3,,,2,1,32000700,40#60,960
12240101,横云断峰,0,1,hurt,1,312#412#512#612#712#812#912,120,260,1,0,,12,2000,1800,100,1,,,2,2,22000800,100,800
12240102,横云断峰,0,1,hurt,1,312#412#512#612#712#812#912,120,260,1,0,,12,2000,1800,100,1,,,2,2,22000800,100,800
12240103,横云断峰,0,1,hurt,1,312#412#512#612#712#812#912,120,260,1,0,,12,2000,1800,100,1,,,2,2,22000800,100,800
12240104,横云断峰,0,1,hurt,1,312#412#512#612#712#812#912,120,260,1,0,,12,2000,1800,100,1,,,2,2,22000800,100,800
12240105,横云断峰,0,1,hurt,1,312#412#512#612#712#812#912,120,260,1,0,,12,2000,1800,100,1,,,2,2,22000800,100,800
12240106,横云断峰,0,1,hurt,1,312#412#512#612#712#812#912,120,260,1,0,,12,2000,1800,100,1,,,2,2,22000800,100,800
12240107,横云断峰,0,1,hurt,1,312#412#512#612#712#812#912,120,260,1,0,,12,2000,1800,100,1,,,2,2,22000800,100,800
12240108,横云断峰,0,1,hurt,1,312#412#512#612#712#812#912,120,260,1,0,,12,2000,1800,100,1,,,2,2,22000800,100,800
12240109,横云断峰,0,1,hurt,1,312#412#512#612#712#812#912,120,260,1,0,,12,2000,1800,100,1,,,2,2,22000800,100,800
12240110,横云断峰,-1,1,hurt,1,312#412#512#612#712#812#912,120,260,1,0,,12,2000,1800,100,1,,,2,2,22000800,100,800
12240111,横云断峰,-1,1,hurt,1,312#412#512#612#712#812#912,120,260,1,0,,12,2000,1800,100,1,,,2,2,22000800,100,800
12240112,横云断峰,-1,1,hurt,1,312#412#512#612#712#812#912,120,260,1,0,,12,2000,1800,100,1,,,2,2,22000800,100,800
12240113,横云断峰,-1,1,hurt,1,312#412#512#612#712#812#912,120,260,1,0,,12,2000,1800,100,1,,,2,2,22000800,100,800
12240114,横云断峰,-1,1,hurt,1,312#412#512#612#712#812#912,120,260,1,0,,12,2000,1800,100,1,,,2,2,22000800,100,800
12240115,横云断峰,-1,1,hurt,1,312#412#512#612#712#812#912,120,260,1,0,,12,2000,1800,100,1,,,2,2,22000800,100,800
12240201,旋转乾坤,0,1,hurt,1,322#422#522#622#722#822#922,120,260,1,0,,12,2000,1800,100,1,,,2,2,32000800,100,400
12240202,旋转乾坤,0,1,hurt,1,322#422#522#622#722#822#922,120,260,1,0,,12,2000,1800,100,1,,,2,2,32000800,100,400
12240203,旋转乾坤,0,1,hurt,1,322#422#522#622#722#822#922,120,260,1,0,,12,2000,1800,100,1,,,2,2,32000800,100,400
12240204,旋转乾坤,0,1,hurt,1,322#422#522#622#722#822#922,120,260,1,0,,12,2000,1800,100,1,,,2,2,32000800,100,400
12240205,旋转乾坤,0,1,hurt,1,322#422#522#622#722#822#922,120,260,1,0,,12,2000,1800,100,1,,,2,2,32000800,100,400
12240206,旋转乾坤,0,1,hurt,1,322#422#522#622#722#822#922,120,260,1,0,,12,2000,1800,100,1,,,2,2,32000800,100,400
12240207,旋转乾坤,0,1,hurt,1,322#422#522#622#722#822#922,120,260,1,0,,12,2000,1800,100,1,,,2,2,32000800,100,400
12240208,旋转乾坤,0,1,hurt,1,322#422#522#622#722#822#922,120,260,1,0,,12,2000,1800,100,1,,,2,2,32000800,100,400
12240209,旋转乾坤,0,1,hurt,1,322#422#522#622#722#822#922,120,260,1,0,,12,2000,1800,100,1,,,2,2,32000800,100,400
12240210,旋转乾坤,-1,1,hurt,1,322#422#522#622#722#822#922,120,260,1,0,,12,2000,1800,100,1,,,2,2,32000800,100,400
12240211,旋转乾坤,-1,1,hurt,1,322#422#522#622#722#822#922,120,260,1,0,,12,2000,1800,100,1,,,2,2,32000800,100,400
12240212,旋转乾坤,-1,1,hurt,1,322#422#522#622#722#822#922,120,260,1,0,,12,2000,1800,100,1,,,2,2,32000800,100,400
12240213,旋转乾坤,-1,1,hurt,1,322#422#522#622#722#822#922,120,260,1,0,,12,2000,1800,100,1,,,2,2,32000800,100,400
12240214,旋转乾坤,-1,1,hurt,1,322#422#522#622#722#822#922,120,260,1,0,,12,2000,1800,100,1,,,2,2,32000800,100,400
12240215,旋转乾坤,-1,1,hurt,1,322#422#522#622#722#822#922,120,260,1,0,,12,2000,1800,100,1,,,2,2,32000800,100,400
12250101,三彻连环,0,1,hurt,1,312#412#512#612#712#812#912,120,280,1,1,12210200,12,2000,1800,100,3,,,2,2,22000800,100,680
12250102,三彻连环,0,1,hurt,1,312#412#512#612#712#812#912,120,280,1,1,12210200,12,2000,1800,100,3,,,2,2,22000800,100,680
12250103,三彻连环,0,1,hurt,1,312#412#512#612#712#812#912,120,280,1,1,12210200,12,2000,1800,100,3,,,2,2,22000800,100,680
12250104,三彻连环,0,1,hurt,1,312#412#512#612#712#812#912,120,280,1,1,12210200,12,2000,1800,100,3,,,2,2,22000800,100,680
12250105,三彻连环,0,1,hurt,1,312#412#512#612#712#812#912,120,280,1,1,12210200,12,2000,1800,100,3,,,2,2,22000800,100,680
12250106,三彻连环,0,1,hurt,1,312#412#512#612#712#812#912,120,280,1,1,12210200,12,2000,1800,100,3,,,2,2,22000800,100,680
12250107,三彻连环,0,1,hurt,1,312#412#512#612#712#812#912,120,280,1,1,12210200,12,2000,1800,100,3,,,2,2,22000800,100,680
12250108,三彻连环,0,1,hurt,1,312#412#512#612#712#812#912,120,280,1,1,12210200,12,2000,1800,100,3,,,2,2,22000800,100,680
12250109,三彻连环,0,1,hurt,1,312#412#512#612#712#812#912,120,280,1,1,12210200,12,2000,1800,100,3,,,2,2,22000800,100,680
12250110,三彻连环,-1,1,hurt,1,312#412#512#612#712#812#912,120,280,1,1,12210200,12,2000,1800,100,3,,,2,2,22000800,100,680
12250111,三彻连环,-1,1,hurt,1,312#412#512#612#712#812#912,120,280,1,1,12210200,12,2000,1800,100,3,,,2,2,22000800,100,680
12250112,三彻连环,-1,1,hurt,1,312#412#512#612#712#812#912,120,280,1,1,12210200,12,2000,1800,100,3,,,2,2,22000800,100,680
12250113,三彻连环,-1,1,hurt,1,312#412#512#612#712#812#912,120,280,1,1,12210200,12,2000,1800,100,3,,,2,2,22000800,100,680
12250114,三彻连环,-1,1,hurt,1,312#412#512#612#712#812#912,120,280,1,1,12210200,12,2000,1800,100,3,,,2,2,22000800,100,680
12250115,三彻连环,-1,1,hurt,1,312#412#512#612#712#812#912,120,280,1,1,12210200,12,2000,1800,100,3,,,2,2,22000800,100,680
12250201,轻扫回旋,0,1,hurt,1,322#422#522#622#722#822#922,120,280,1,1,12210200,12,2000,1800,100,3,,,2,2,32000800,100,700
12250202,轻扫回旋,0,1,hurt,1,322#422#522#622#722#822#922,120,280,1,1,12210200,12,2000,1800,100,3,,,2,2,32000800,100,700
12250203,轻扫回旋,0,1,hurt,1,322#422#522#622#722#822#922,120,280,1,1,12210200,12,2000,1800,100,3,,,2,2,32000800,100,700
12250204,轻扫回旋,0,1,hurt,1,322#422#522#622#722#822#922,120,280,1,1,12210200,12,2000,1800,100,3,,,2,2,32000800,100,700
12250205,轻扫回旋,0,1,hurt,1,322#422#522#622#722#822#922,120,280,1,1,12210200,12,2000,1800,100,3,,,2,2,32000800,100,700
12250206,轻扫回旋,0,1,hurt,1,322#422#522#622#722#822#922,120,280,1,1,12210200,12,2000,1800,100,3,,,2,2,32000800,100,700
12250207,轻扫回旋,0,1,hurt,1,322#422#522#622#722#822#922,120,280,1,1,12210200,12,2000,1800,100,3,,,2,2,32000800,100,700
12250208,轻扫回旋,0,1,hurt,1,322#422#522#622#722#822#922,120,280,1,1,12210200,12,2000,1800,100,3,,,2,2,32000800,100,700
12250209,轻扫回旋,0,1,hurt,1,322#422#522#622#722#822#922,120,280,1,1,12210200,12,2000,1800,100,3,,,2,2,32000800,100,700
12250210,轻扫回旋,-1,1,hurt,1,322#422#522#622#722#822#922,120,280,1,1,12210200,12,2000,1800,100,3,,,2,2,32000800,100,700
12250211,轻扫回旋,-1,1,hurt,1,322#422#522#622#722#822#922,120,280,1,1,12210200,12,2000,1800,100,3,,,2,2,32000800,100,700
12250212,轻扫回旋,-1,1,hurt,1,322#422#522#622#722#822#922,120,280,1,1,12210200,12,2000,1800,100,3,,,2,2,32000800,100,700
12250213,轻扫回旋,-1,1,hurt,1,322#422#522#622#722#822#922,120,280,1,1,12210200,12,2000,1800,100,3,,,2,2,32000800,100,700
12250214,轻扫回旋,-1,1,hurt,1,322#422#522#622#722#822#922,120,280,1,1,12210200,12,2000,1800,100,3,,,2,2,32000800,100,700
12250215,轻扫回旋,-1,1,hurt,1,322#422#522#622#722#822#922,120,280,1,1,12210200,12,2000,1800,100,3,,,2,2,32000800,100,700
12260101,卧龙啸天,0,1,hurt,1,312#412#512#612#712#812#912,130,300,1,0,,12,2000,1800,100,1,,,2,3,22000900,100,750
12260102,卧龙啸天,0,1,hurt,1,312#412#512#612#712#812#912,130,300,1,0,,12,2000,1800,100,1,,,2,3,22000900,100,750
12260103,卧龙啸天,0,1,hurt,1,312#412#512#612#712#812#912,130,300,1,0,,12,2000,1800,100,1,,,2,3,22000900,100,750
12260104,卧龙啸天,0,1,hurt,1,312#412#512#612#712#812#912,130,300,1,0,,12,2000,1800,100,1,,,2,3,22000900,100,750
12260105,卧龙啸天,0,1,hurt,1,312#412#512#612#712#812#912,130,300,1,0,,12,2000,1800,100,1,,,2,3,22000900,100,750
12260106,卧龙啸天,0,1,hurt,1,312#412#512#612#712#812#912,130,300,1,0,,12,2000,1800,100,1,,,2,3,22000900,100,750
12260107,卧龙啸天,0,1,hurt,1,312#412#512#612#712#812#912,130,300,1,0,,12,2000,1800,100,1,,,2,3,22000900,100,750
12260108,卧龙啸天,0,1,hurt,1,312#412#512#612#712#812#912,130,300,1,0,,12,2000,1800,100,1,,,2,3,22000900,100,750
12260109,卧龙啸天,0,1,hurt,1,312#412#512#612#712#812#912,130,300,1,0,,12,2000,1800,100,1,,,2,3,22000900,100,750
12260110,卧龙啸天,-1,1,hurt,1,312#412#512#612#712#812#912,130,300,1,0,,12,2000,1800,100,1,,,2,3,22000900,100,750
12260111,卧龙啸天,-1,1,hurt,1,312#412#512#612#712#812#912,130,300,1,0,,12,2000,1800,100,1,,,2,3,22000900,100,750
12260112,卧龙啸天,-1,1,hurt,1,312#412#512#612#712#812#912,130,300,1,0,,12,2000,1800,100,1,,,2,3,22000900,100,750
12260113,卧龙啸天,-1,1,hurt,1,312#412#512#612#712#812#912,130,300,1,0,,12,2000,1800,100,1,,,2,3,22000900,100,750
12260114,卧龙啸天,-1,1,hurt,1,312#412#512#612#712#812#912,130,300,1,0,,12,2000,1800,100,1,,,2,3,22000900,100,750
12260115,卧龙啸天,-1,1,hurt,1,312#412#512#612#712#812#912,130,300,1,0,,12,2000,1800,100,1,,,2,3,22000900,100,750
12260201,血龙出海,0,1,hurt,1,322#422#522#622#722#822#922,130,300,1,0,,12,2000,1800,100,1,,,2,3,32000900,100,800
12260202,血龙出海,0,1,hurt,1,322#422#522#622#722#822#922,130,300,1,0,,12,2000,1800,100,1,,,2,3,32000900,100,800
12260203,血龙出海,0,1,hurt,1,322#422#522#622#722#822#922,130,300,1,0,,12,2000,1800,100,1,,,2,3,32000900,100,800
12260204,血龙出海,0,1,hurt,1,322#422#522#622#722#822#922,130,300,1,0,,12,2000,1800,100,1,,,2,3,32000900,100,800
12260205,血龙出海,0,1,hurt,1,322#422#522#622#722#822#922,130,300,1,0,,12,2000,1800,100,1,,,2,3,32000900,100,800
12260206,血龙出海,0,1,hurt,1,322#422#522#622#722#822#922,130,300,1,0,,12,2000,1800,100,1,,,2,3,32000900,100,800
12260207,血龙出海,0,1,hurt,1,322#422#522#622#722#822#922,130,300,1,0,,12,2000,1800,100,1,,,2,3,32000900,100,800
12260208,血龙出海,0,1,hurt,1,322#422#522#622#722#822#922,130,300,1,0,,12,2000,1800,100,1,,,2,3,32000900,100,800
12260209,血龙出海,0,1,hurt,1,322#422#522#622#722#822#922,130,300,1,0,,12,2000,1800,100,1,,,2,3,32000900,100,800
12260210,血龙出海,-1,1,hurt,1,322#422#522#622#722#822#922,130,300,1,0,,12,2000,1800,100,1,,,2,3,32000900,100,800
12260211,血龙出海,-1,1,hurt,1,322#422#522#622#722#822#922,130,300,1,0,,12,2000,1800,100,1,,,2,3,32000900,100,800
12260212,血龙出海,-1,1,hurt,1,322#422#522#622#722#822#922,130,300,1,0,,12,2000,1800,100,1,,,2,3,32000900,100,800
12260213,血龙出海,-1,1,hurt,1,322#422#522#622#722#822#922,130,300,1,0,,12,2000,1800,100,1,,,2,3,32000900,100,800
12260214,血龙出海,-1,1,hurt,1,322#422#522#622#722#822#922,130,300,1,0,,12,2000,1800,100,1,,,2,3,32000900,100,800
12260215,血龙出海,-1,1,hurt,1,322#422#522#622#722#822#922,130,300,1,0,,12,2000,1800,100,1,,,2,3,32000900,100,800
12270101,万仙朝宗,0,1,hurt,1,312#412#512#612#712#812#912,130,320,1,1,12210200,12,2000,1800,100,3,,,2,3,22000900,100,950
12270102,万仙朝宗,0,1,hurt,1,312#412#512#612#712#812#912,130,320,1,1,12210200,12,2000,1800,100,3,,,2,3,22000900,100,950
12270103,万仙朝宗,0,1,hurt,1,312#412#512#612#712#812#912,130,320,1,1,12210200,12,2000,1800,100,3,,,2,3,22000900,100,950
12270104,万仙朝宗,0,1,hurt,1,312#412#512#612#712#812#912,130,320,1,1,12210200,12,2000,1800,100,3,,,2,3,22000900,100,950
12270105,万仙朝宗,0,1,hurt,1,312#412#512#612#712#812#912,130,320,1,1,12210200,12,2000,1800,100,3,,,2,3,22000900,100,950
12270106,万仙朝宗,0,1,hurt,1,312#412#512#612#712#812#912,130,320,1,1,12210200,12,2000,1800,100,3,,,2,3,22000900,100,950
12270107,万仙朝宗,0,1,hurt,1,312#412#512#612#712#812#912,130,320,1,1,12210200,12,2000,1800,100,3,,,2,3,22000900,100,950
12270108,万仙朝宗,0,1,hurt,1,312#412#512#612#712#812#912,130,320,1,1,12210200,12,2000,1800,100,3,,,2,3,22000900,100,950
12270109,万仙朝宗,0,1,hurt,1,312#412#512#612#712#812#912,130,320,1,1,12210200,12,2000,1800,100,3,,,2,3,22000900,100,950
12270110,万仙朝宗,-1,1,hurt,1,312#412#512#612#712#812#912,130,320,1,1,12210200,12,2000,1800,100,3,,,2,3,22000900,100,950
12270111,万仙朝宗,-1,1,hurt,1,312#412#512#612#712#812#912,130,320,1,1,12210200,12,2000,1800,100,3,,,2,3,22000900,100,950
12270112,万仙朝宗,-1,1,hurt,1,312#412#512#612#712#812#912,130,320,1,1,12210200,12,2000,1800,100,3,,,2,3,22000900,100,950
12270113,万仙朝宗,-1,1,hurt,1,312#412#512#612#712#812#912,130,320,1,1,12210200,12,2000,1800,100,3,,,2,3,22000900,100,950
12270114,万仙朝宗,-1,1,hurt,1,312#412#512#612#712#812#912,130,320,1,1,12210200,12,2000,1800,100,3,,,2,3,22000900,100,950
12270115,万仙朝宗,-1,1,hurt,1,312#412#512#612#712#812#912,130,320,1,1,12210200,12,2000,1800,100,3,,,2,3,22000900,100,950
12270201,三界俯首,0,1,hurt,1,322#422#522#622#722#822#922,130,320,1,1,12210200,12,2000,1800,100,3,,,2,3,32000900,100,950
12270202,三界俯首,0,1,hurt,1,322#422#522#622#722#822#922,130,320,1,1,12210200,12,2000,1800,100,3,,,2,3,32000900,100,950
12270203,三界俯首,0,1,hurt,1,322#422#522#622#722#822#922,130,320,1,1,12210200,12,2000,1800,100,3,,,2,3,32000900,100,950
12270204,三界俯首,0,1,hurt,1,322#422#522#622#722#822#922,130,320,1,1,12210200,12,2000,1800,100,3,,,2,3,32000900,100,950
12270205,三界俯首,0,1,hurt,1,322#422#522#622#722#822#922,130,320,1,1,12210200,12,2000,1800,100,3,,,2,3,32000900,100,950
12270206,三界俯首,0,1,hurt,1,322#422#522#622#722#822#922,130,320,1,1,12210200,12,2000,1800,100,3,,,2,3,32000900,100,950
12270207,三界俯首,0,1,hurt,1,322#422#522#622#722#822#922,130,320,1,1,12210200,12,2000,1800,100,3,,,2,3,32000900,100,950
12270208,三界俯首,0,1,hurt,1,322#422#522#622#722#822#922,130,320,1,1,12210200,12,2000,1800,100,3,,,2,3,32000900,100,950
12270209,三界俯首,0,1,hurt,1,322#422#522#622#722#822#922,130,320,1,1,12210200,12,2000,1800,100,3,,,2,3,32000900,100,950
12270210,三界俯首,-1,1,hurt,1,322#422#522#622#722#822#922,130,320,1,1,12210200,12,2000,1800,100,3,,,2,3,32000900,100,950
12270211,三界俯首,-1,1,hurt,1,322#422#522#622#722#822#922,130,320,1,1,12210200,12,2000,1800,100,3,,,2,3,32000900,100,950
12270212,三界俯首,-1,1,hurt,1,322#422#522#622#722#822#922,130,320,1,1,12210200,12,2000,1800,100,3,,,2,3,32000900,100,950
12270213,三界俯首,-1,1,hurt,1,322#422#522#622#722#822#922,130,320,1,1,12210200,12,2000,1800,100,3,,,2,3,32000900,100,950
12270214,三界俯首,-1,1,hurt,1,322#422#522#622#722#822#922,130,320,1,1,12210200,12,2000,1800,100,3,,,2,3,32000900,100,950
12270215,三界俯首,-1,1,hurt,1,322#422#522#622#722#822#922,130,320,1,1,12210200,12,2000,1800,100,3,,,2,3,32000900,100,950
12510101,无极玄经,-1,2,buff,1,102#202#312#322#412#422#512#522#612#622#712#722#812#822#912#922,80,100,2,0,,0,10000,500,100,1,,,9,2,11000100,,
13010101,冷月寒杀,-1,1,hurt,1,103#203#313#323#413#423#513#523#613#623#713#723#813#823#913#923,10,5,1,0,,0,2000,1800,100,1,,,5,1,13000100,100,1200
13020101,残月破魔,-1,1,hurt,1,103#203#313#323#413#423#513#523#613#623#713#723#813#823#913#923,20,10,1,0,,0,2000,1800,100,1,,,5,1,13000100,100,1000
13030101,日月同辉,-1,1,hurt,1,103#203#313#323#413#423#513#523#613#623#713#723#813#823#913#923,30,15,1,0,,0,2000,1800,100,1,,,5,1,13000100,100,1300
13040101,流星赶月,-1,1,hurt,1,313#413#513#613#713#813#913,35,20,1,0,,0,2000,1800,100,1,,,5,2,23000100,40#60,600
13040201,残箭摄魂,-1,1,hurt,1,323#423#523#623#723#823#923,35,20,1,0,,0,2000,1800,100,1,,,5,2,33000100,40#60,1000
13050101,流星飞电,-1,1,hurt,1,313#413#513#613#713#813#913,45,25,1,0,,0,2000,1800,100,1,,,5,2,23000100,40#60,1000
13050201,幽冥鬼矢,-1,1,hurt,1,323#423#523#623#723#823#923,45,25,1,0,,0,2000,1800,100,1,,,5,2,33000100,40#60,1000
13060101,光芒万丈,-1,1,hurt,1,313#413#513#613#713#813#913,55,35,1,0,,0,2000,1800,100,1,,,5,2,23000100,100,1000
13060201,魂飞魄散,-1,1,hurt,1,323#423#523#623#723#823#923,55,35,1,0,,0,2000,1800,100,1,,,5,2,33000100,100,1150
13070101,丹凤朝阳,-1,1,hurt,1,313#413#513#613#713#813#913,60,35,1,0,,0,2000,1800,100,1,,,5,3,23000200,25#35#40,1000
13070201,魔焰吞天,-1,1,hurt,1,323#423#523#623#723#823#923,60,35,1,0,,0,2000,1800,100,1,,,5,3,33000200,100,1000
13080101,孤凤奔月,-1,1,hurt,1,313#413#513#613#713#813#913,64,40,1,0,,0,2000,1800,100,1,,,5,3,23000200,40#60,800
13080201,逆魔缠身,-1,1,hurt,1,323#423#523#623#723#823#923,64,40,1,0,,0,2000,1800,100,1,,,5,3,33000200,40#60,1000
13090101,凤翼天翔,-1,1,hurt,1,313#413#513#613#713#813#913,68,45,1,0,,0,2000,1800,100,1,,,5,3,23000200,25#35#40,500
13090201,群魔血舞,-1,1,hurt,1,323#423#523#623#723#823#923,68,45,1,0,,0,2000,1800,100,1,,,5,3,33000200,40#60,1000
13100101,御箭伏魔,-1,1,hurt,1,313#413#513#613#713#813#913,71,50,1,0,,0,2000,1800,100,1,,,5,4,23000300,100,1000
13100201,血影狂杀,-1,1,hurt,1,323#423#523#623#723#823#923,71,50,1,0,,0,2000,1800,100,1,,,5,4,33000300,100,1000
13110101,除恶务尽,-1,1,hurt,1,313#413#513#613#713#813#913,74,55,1,0,,0,2000,1800,100,1,,,5,4,23000300,100,1200
13110102,真·除恶务尽,-1,1,hurt,1,313#413#513#613#713#813#913,74,55,1,0,,0,2000,1800,100,1,,,5,4,23000300,100,1200
13110201,凝魂摄血,-1,1,hurt,1,323#423#523#623#723#823#923,74,55,1,0,,0,2000,1800,100,1,,,5,4,33000300,40#60,500
13110202,真·凝魂摄血,-1,1,hurt,1,323#423#523#623#723#823#923,74,55,1,0,,0,2000,1800,100,1,,,5,4,33000300,40#60,500
13120101,万箭破魔,-1,1,hurt,1,313#413#513#613#713#813#913,77,60,1,0,,0,2000,1800,100,1,,,5,4,23000300,100,1200
13120102,真·万箭破魔,-1,1,hurt,1,313#413#513#613#713#813#913,77,60,1,1,13120100,0,2000,1800,100,3,,,5,4,23000300,100,1200
13120201,见血封喉,-1,1,hurt,1,323#423#523#623#723#823#923,77,60,1,0,,0,2000,1800,100,1,,,5,4,33000300,100,1200
13120202,真·见血封喉,-1,1,hurt,1,323#423#523#623#723#823#923,77,60,1,1,13120200,0,2000,1800,100,3,,,5,4,33000300,100,1200
13130101,惊涛拍岸,-1,1,hurt,1,313#413#513#613#713#813#913,80,70,1,0,,0,2000,1800,100,1,,,5,5,23000400,100,1000
13130201,箭落残阳,-1,1,hurt,1,323#423#523#623#723#823#923,80,70,1,0,,0,2000,1800,100,1,,,5,5,33000400,100,1200
13140101,狂风巨浪,-1,1,hurt,1,313#413#513#613#713#813#913,84,80,1,0,,0,2000,1800,100,1,,,5,5,23000400,40#60,400
13140102,真·狂风巨浪,-1,1,hurt,1,313#413#513#613#713#813#913,84,80,1,0,,0,2000,1800,100,1,,,5,5,23000400,40#60,400
13140201,鬼哭神嚎,-1,1,hurt,1,323#423#523#623#723#823#923,84,80,1,0,,0,2000,1800,100,1,,,5,5,33000400,100,1200
13140202,真·鬼哭神嚎,-1,1,hurt,1,323#423#523#623#723#823#923,84,80,1,0,,0,2000,1800,100,1,,,5,5,33000400,100,1200
13150101,大海无量,-1,1,hurt,1,313#413#513#613#713#813#913,88,90,1,0,,0,2000,1800,100,1,,,5,5,23000400,40#60,1000
13150102,真·大海无量,-1,1,hurt,1,313#413#513#613#713#813#913,88,90,1,1,13150100,0,2000,1800,100,3,,,5,5,23000400,40#60,1000
13150201,天地俱灭,-1,1,hurt,1,323#423#523#623#723#823#923,88,90,1,0,,0,2000,1800,100,1,,,5,5,33000400,25#35#40,500
13150202,真·天地俱灭,-1,1,hurt,1,323#423#523#623#723#823#923,88,90,1,1,13150200,0,2000,1800,100,3,,,5,5,33000400,25#35#40,500
13160101,强弓落日,-1,1,hurt,1,313#413#513#613#713#813#913,91,120,1,0,,0,2000,1800,100,1,,,5,6,23000500,40#60,1000
13160201,阴云蔽日,-1,1,hurt,1,323#423#523#623#723#823#923,91,120,1,0,,0,2000,1800,100,1,,,5,6,33000500,40#60,400
13170101,烈焰焚天,-1,1,hurt,1,313#413#513#613#713#813#913,94,130,1,0,,0,2000,1800,100,1,,,5,6,23000500,25#35#40,300
13170102,真·烈焰焚天,-1,1,hurt,1,313#413#513#613#713#813#913,94,130,1,0,,0,2000,1800,100,1,,,5,6,23000500,25#35#40,300
13170201,九阴破血,-1,1,hurt,1,323#423#523#623#723#823#923,94,130,1,0,,0,2000,1800,100,1,,,5,6,33000500,25#35#40,400
13170202,真·九阴破血,-1,1,hurt,1,323#423#523#623#723#823#923,94,130,1,0,,0,2000,1800,100,1,,,5,6,33000500,25#35#40,400
13180101,天崩地裂,-1,1,hurt,1,313#413#513#613#713#813#913,97,140,1,0,,0,2000,1800,100,1,,,5,6,23000500,25#35#40,400
13180102,真·天崩地裂,-1,1,hurt,1,313#413#513#613#713#813#913,97,140,1,1,13180100,0,2000,1800,100,3,,,5,6,23000500,25#35#40,400
13180201,阴月狂杀,-1,1,hurt,1,323#423#523#623#723#823#923,97,140,1,0,,0,2000,1800,100,1,,,5,6,33000500,25#35#40,400
13180202,真·阴月狂杀,-1,1,hurt,1,323#423#523#623#723#823#923,97,140,1,1,13180200,0,2000,1800,100,3,,,5,6,33000500,25#35#40,400
13190101,狂矢追夕,-1,1,hurt,1,313#413#513#613#713#813#913,100,160,1,0,,0,2000,1800,100,1,,,5,7,23000600,25#35#40,400
13190201,魔谕流星,-1,1,hurt,1,323#423#523#623#723#823#923,100,160,1,0,,0,2000,1800,100,1,,,5,7,33000600,40#60,500
13200101,箭破残阳,-1,1,hurt,1,313#413#513#613#713#813#913,104,180,1,0,,0,2000,1800,100,1,,,5,7,23000600,40#60,500
13200102,真·箭破残阳,-1,1,hurt,1,313#413#513#613#713#813#913,104,180,1,0,,0,2000,1800,100,1,,,5,7,23000600,40#60,500
13200201,魔谕狂电,-1,1,hurt,1,323#423#523#623#723#823#923,104,180,1,0,,0,2000,1800,100,1,,,5,7,33000600,40#60,500
13200202,真·魔谕狂电,-1,1,hurt,1,323#423#523#623#723#823#923,104,180,1,0,,0,2000,1800,100,1,,,5,7,33000600,40#60,500
13210101,偷天换日,-1,1,hurt,1,313#413#513#613#713#813#913,108,200,1,0,,0,2000,1800,100,1,,,5,7,23000600,100,1000
13210102,真·偷天换日,-1,1,hurt,1,313#413#513#613#713#813#913,108,200,1,1,13210100,0,2000,1800,100,3,,,5,7,23000600,100,1000
13210201,魔谕奔雷,-1,1,hurt,1,323#423#523#623#723#823#923,108,200,1,0,,0,2000,1800,100,1,,,5,7,33000600,100,1000
13210202,真·魔谕奔雷,-1,1,hurt,1,323#423#523#623#723#823#923,108,200,1,1,13210200,0,2000,1800,100,3,,,5,7,33000600,100,1000
13220101,奇鲲缚灵旨,0,1,hurt,1,313#413#513#613#713#813#913,115,220,1,0,,0,2000,1800,100,1,,,5,1,23000700,100,400
13220102,奇鲲缚灵旨,0,1,hurt,1,313#413#513#613#713#813#913,115,220,1,0,,0,2000,1800,100,1,,,5,1,23000700,100,400
13220103,奇鲲缚灵旨,0,1,hurt,1,313#413#513#613#713#813#913,115,220,1,0,,0,2000,1800,100,1,,,5,1,23000700,100,400
13220104,奇鲲缚灵旨,0,1,hurt,1,313#413#513#613#713#813#913,115,220,1,0,,0,2000,1800,100,1,,,5,1,23000700,100,400
13220105,奇鲲缚灵旨,0,1,hurt,1,313#413#513#613#713#813#913,115,220,1,0,,0,2000,1800,100,1,,,5,1,23000700,100,400
13220106,奇鲲缚灵旨,0,1,hurt,1,313#413#513#613#713#813#913,115,220,1,0,,0,2000,1800,100,1,,,5,1,23000700,100,400
13220107,奇鲲缚灵旨,0,1,hurt,1,313#413#513#613#713#813#913,115,220,1,0,,0,2000,1800,100,1,,,5,1,23000700,100,400
13220108,奇鲲缚灵旨,0,1,hurt,1,313#413#513#613#713#813#913,115,220,1,0,,0,2000,1800,100,1,,,5,1,23000700,100,400
13220109,奇鲲缚灵旨,0,1,hurt,1,313#413#513#613#713#813#913,115,220,1,0,,0,2000,1800,100,1,,,5,1,23000700,100,400
13220110,奇鲲缚灵旨,-1,1,hurt,1,313#413#513#613#713#813#913,115,220,1,0,,0,2000,1800,100,1,,,5,1,23000700,100,400
13220111,奇鲲缚灵旨,-1,1,hurt,1,313#413#513#613#713#813#913,115,220,1,0,,0,2000,1800,100,1,,,5,1,23000700,100,400
13220112,奇鲲缚灵旨,-1,1,hurt,1,313#413#513#613#713#813#913,115,220,1,0,,0,2000,1800,100,1,,,5,1,23000700,100,400
13220113,奇鲲缚灵旨,-1,1,hurt,1,313#413#513#613#713#813#913,115,220,1,0,,0,2000,1800,100,1,,,5,1,23000700,100,400
13220114,奇鲲缚灵旨,-1,1,hurt,1,313#413#513#613#713#813#913,115,220,1,0,,0,2000,1800,100,1,,,5,1,23000700,100,400
13220115,奇鲲缚灵旨,-1,1,hurt,1,313#413#513#613#713#813#913,115,220,1,0,,0,2000,1800,100,1,,,5,1,23000700,100,400
13220201,焚元开沌通,0,1,hurt,1,323#423#523#623#723#823#923,115,220,1,0,,0,2000,1800,100,1,,,5,1,33000700,40#60,1400
13220202,焚元开沌通,0,1,hurt,1,323#423#523#623#723#823#923,115,220,1,0,,0,2000,1800,100,1,,,5,1,33000700,40#60,1400
13220203,焚元开沌通,0,1,hurt,1,323#423#523#623#723#823#923,115,220,1,0,,0,2000,1800,100,1,,,5,1,33000700,40#60,1400
13220204,焚元开沌通,0,1,hurt,1,323#423#523#623#723#823#923,115,220,1,0,,0,2000,1800,100,1,,,5,1,33000700,40#60,1400
13220205,焚元开沌通,0,1,hurt,1,323#423#523#623#723#823#923,115,220,1,0,,0,2000,1800,100,1,,,5,1,33000700,40#60,1400
13220206,焚元开沌通,0,1,hurt,1,323#423#523#623#723#823#923,115,220,1,0,,0,2000,1800,100,1,,,5,1,33000700,40#60,1400
13220207,焚元开沌通,0,1,hurt,1,323#423#523#623#723#823#923,115,220,1,0,,0,2000,1800,100,1,,,5,1,33000700,40#60,1400
13220208,焚元开沌通,0,1,hurt,1,323#423#523#623#723#823#923,115,220,1,0,,0,2000,1800,100,1,,,5,1,33000700,40#60,1400
13220209,焚元开沌通,0,1,hurt,1,323#423#523#623#723#823#923,115,220,1,0,,0,2000,1800,100,1,,,5,1,33000700,40#60,1400
13220210,焚元开沌通,-1,1,hurt,1,323#423#523#623#723#823#923,115,220,1,0,,0,2000,1800,100,1,,,5,1,33000700,40#60,1400
13220211,焚元开沌通,-1,1,hurt,1,323#423#523#623#723#823#923,115,220,1,0,,0,2000,1800,100,1,,,5,1,33000700,40#60,1400
13220212,焚元开沌通,-1,1,hurt,1,323#423#523#623#723#823#923,115,220,1,0,,0,2000,1800,100,1,,,5,1,33000700,40#60,1400
13220213,焚元开沌通,-1,1,hurt,1,323#423#523#623#723#823#923,115,220,1,0,,0,2000,1800,100,1,,,5,1,33000700,40#60,1400
13220214,焚元开沌通,-1,1,hurt,1,323#423#523#623#723#823#923,115,220,1,0,,0,2000,1800,100,1,,,5,1,33000700,40#60,1400
13220215,焚元开沌通,-1,1,hurt,1,323#423#523#623#723#823#923,115,220,1,0,,0,2000,1800,100,1,,,5,1,33000700,40#60,1400
13230101,踏日落伏旨,0,1,hurt,1,313#413#513#613#713#813#913,115,240,1,1,13210200,0,2000,1800,100,3,,,5,1,23000700,100,1000
13230102,踏日落伏旨,0,1,hurt,1,313#413#513#613#713#813#913,115,240,1,1,13210200,0,2000,1800,100,3,,,5,1,23000700,100,1000
13230103,踏日落伏旨,0,1,hurt,1,313#413#513#613#713#813#913,115,240,1,1,13210200,0,2000,1800,100,3,,,5,1,23000700,100,1000
13230104,踏日落伏旨,0,1,hurt,1,313#413#513#613#713#813#913,115,240,1,1,13210200,0,2000,1800,100,3,,,5,1,23000700,100,1000
13230105,踏日落伏旨,0,1,hurt,1,313#413#513#613#713#813#913,115,240,1,1,13210200,0,2000,1800,100,3,,,5,1,23000700,100,1000
13230106,踏日落伏旨,0,1,hurt,1,313#413#513#613#713#813#913,115,240,1,1,13210200,0,2000,1800,100,3,,,5,1,23000700,100,1000
13230107,踏日落伏旨,0,1,hurt,1,313#413#513#613#713#813#913,115,240,1,1,13210200,0,2000,1800,100,3,,,5,1,23000700,100,1000
13230108,踏日落伏旨,0,1,hurt,1,313#413#513#613#713#813#913,115,240,1,1,13210200,0,2000,1800,100,3,,,5,1,23000700,100,1000
13230109,踏日落伏旨,0,1,hurt,1,313#413#513#613#713#813#913,115,240,1,1,13210200,0,2000,1800,100,3,,,5,1,23000700,100,1000
13230110,踏日落伏旨,-1,1,hurt,1,313#413#513#613#713#813#913,115,240,1,1,13210200,0,2000,1800,100,3,,,5,1,23000700,100,1000
13230111,踏日落伏旨,-1,1,hurt,1,313#413#513#613#713#813#913,115,240,1,1,13210200,0,2000,1800,100,3,,,5,1,23000700,100,1000
13230112,踏日落伏旨,-1,1,hurt,1,313#413#513#613#713#813#913,115,240,1,1,13210200,0,2000,1800,100,3,,,5,1,23000700,100,1000
13230113,踏日落伏旨,-1,1,hurt,1,313#413#513#613#713#813#913,115,240,1,1,13210200,0,2000,1800,100,3,,,5,1,23000700,100,1000
13230114,踏日落伏旨,-1,1,hurt,1,313#413#513#613#713#813#913,115,240,1,1,13210200,0,2000,1800,100,3,,,5,1,23000700,100,1000
13230115,踏日落伏旨,-1,1,hurt,1,313#413#513#613#713#813#913,115,240,1,1,13210200,0,2000,1800,100,3,,,5,1,23000700,100,1000
13230201,混气黯阳通,0,1,hurt,1,323#423#523#623#723#823#923,115,240,1,1,13210200,0,2000,1800,100,3,,,5,1,33000700,100,1200
13230202,混气黯阳通,0,1,hurt,1,323#423#523#623#723#823#923,115,240,1,1,13210200,0,2000,1800,100,3,,,5,1,33000700,100,1200
13230203,混气黯阳通,0,1,hurt,1,323#423#523#623#723#823#923,115,240,1,1,13210200,0,2000,1800,100,3,,,5,1,33000700,100,1200
13230204,混气黯阳通,0,1,hurt,1,323#423#523#623#723#823#923,115,240,1,1,13210200,0,2000,1800,100,3,,,5,1,33000700,100,1200
13230205,混气黯阳通,0,1,hurt,1,323#423#523#623#723#823#923,115,240,1,1,13210200,0,2000,1800,100,3,,,5,1,33000700,100,1200
13230206,混气黯阳通,0,1,hurt,1,323#423#523#623#723#823#923,115,240,1,1,13210200,0,2000,1800,100,3,,,5,1,33000700,100,1200
13230207,混气黯阳通,0,1,hurt,1,323#423#523#623#723#823#923,115,240,1,1,13210200,0,2000,1800,100,3,,,5,1,33000700,100,1200
13230208,混气黯阳通,0,1,hurt,1,323#423#523#623#723#823#923,115,240,1,1,13210200,0,2000,1800,100,3,,,5,1,33000700,100,1200
13230209,混气黯阳通,0,1,hurt,1,323#423#523#623#723#823#923,115,240,1,1,13210200,0,2000,1800,100,3,,,5,1,33000700,100,1200
13230210,混气黯阳通,-1,1,hurt,1,323#423#523#623#723#823#923,115,240,1,1,13210200,0,2000,1800,100,3,,,5,1,33000700,100,1200
13230211,混气黯阳通,-1,1,hurt,1,323#423#523#623#723#823#923,115,240,1,1,13210200,0,2000,1800,100,3,,,5,1,33000700,100,1200
13230212,混气黯阳通,-1,1,hurt,1,323#423#523#623#723#823#923,115,240,1,1,13210200,0,2000,1800,100,3,,,5,1,33000700,100,1200
13230213,混气黯阳通,-1,1,hurt,1,323#423#523#623#723#823#923,115,240,1,1,13210200,0,2000,1800,100,3,,,5,1,33000700,100,1200
13230214,混气黯阳通,-1,1,hurt,1,323#423#523#623#723#823#923,115,240,1,1,13210200,0,2000,1800,100,3,,,5,1,33000700,100,1200
13230215,混气黯阳通,-1,1,hurt,1,323#423#523#623#723#823#923,115,240,1,1,13210200,0,2000,1800,100,3,,,5,1,33000700,100,1200
13240101,流星赶月,0,1,hurt,1,313#413#513#613#713#813#913,120,260,1,0,,0,2000,1800,100,1,,,5,2,23000800,100,1100
13240102,流星赶月,0,1,hurt,1,313#413#513#613#713#813#913,120,260,1,0,,0,2000,1800,100,1,,,5,2,23000800,100,1100
13240103,流星赶月,0,1,hurt,1,313#413#513#613#713#813#913,120,260,1,0,,0,2000,1800,100,1,,,5,2,23000800,100,1100
13240104,流星赶月,0,1,hurt,1,313#413#513#613#713#813#913,120,260,1,0,,0,2000,1800,100,1,,,5,2,23000800,100,1100
13240105,流星赶月,0,1,hurt,1,313#413#513#613#713#813#913,120,260,1,0,,0,2000,1800,100,1,,,5,2,23000800,100,1100
13240106,流星赶月,0,1,hurt,1,313#413#513#613#713#813#913,120,260,1,0,,0,2000,1800,100,1,,,5,2,23000800,100,1100
13240107,流星赶月,0,1,hurt,1,313#413#513#613#713#813#913,120,260,1,0,,0,2000,1800,100,1,,,5,2,23000800,100,1100
13240108,流星赶月,0,1,hurt,1,313#413#513#613#713#813#913,120,260,1,0,,0,2000,1800,100,1,,,5,2,23000800,100,1100
13240109,流星赶月,0,1,hurt,1,313#413#513#613#713#813#913,120,260,1,0,,0,2000,1800,100,1,,,5,2,23000800,100,1100
13240110,流星赶月,-1,1,hurt,1,313#413#513#613#713#813#913,120,260,1,0,,0,2000,1800,100,1,,,5,2,23000800,100,1100
13240111,流星赶月,-1,1,hurt,1,313#413#513#613#713#813#913,120,260,1,0,,0,2000,1800,100,1,,,5,2,23000800,100,1100
13240112,流星赶月,-1,1,hurt,1,313#413#513#613#713#813#913,120,260,1,0,,0,2000,1800,100,1,,,5,2,23000800,100,1100
13240113,流星赶月,-1,1,hurt,1,313#413#513#613#713#813#913,120,260,1,0,,0,2000,1800,100,1,,,5,2,23000800,100,1100
13240114,流星赶月,-1,1,hurt,1,313#413#513#613#713#813#913,120,260,1,0,,0,2000,1800,100,1,,,5,2,23000800,100,1100
13240115,流星赶月,-1,1,hurt,1,313#413#513#613#713#813#913,120,260,1,0,,0,2000,1800,100,1,,,5,2,23000800,100,1100
13240201,一弹倾舞,0,1,hurt,1,323#423#523#623#723#823#923,120,260,1,0,,0,2000,1800,100,1,,,5,2,33000800,100,1100
13240202,一弹倾舞,0,1,hurt,1,323#423#523#623#723#823#923,120,260,1,0,,0,2000,1800,100,1,,,5,2,33000800,100,1100
13240203,一弹倾舞,0,1,hurt,1,323#423#523#623#723#823#923,120,260,1,0,,0,2000,1800,100,1,,,5,2,33000800,100,1100
13240204,一弹倾舞,0,1,hurt,1,323#423#523#623#723#823#923,120,260,1,0,,0,2000,1800,100,1,,,5,2,33000800,100,1100
13240205,一弹倾舞,0,1,hurt,1,323#423#523#623#723#823#923,120,260,1,0,,0,2000,1800,100,1,,,5,2,33000800,100,1100
13240206,一弹倾舞,0,1,hurt,1,323#423#523#623#723#823#923,120,260,1,0,,0,2000,1800,100,1,,,5,2,33000800,100,1100
13240207,一弹倾舞,0,1,hurt,1,323#423#523#623#723#823#923,120,260,1,0,,0,2000,1800,100,1,,,5,2,33000800,100,1100
13240208,一弹倾舞,0,1,hurt,1,323#423#523#623#723#823#923,120,260,1,0,,0,2000,1800,100,1,,,5,2,33000800,100,1100
13240209,一弹倾舞,0,1,hurt,1,323#423#523#623#723#823#923,120,260,1,0,,0,2000,1800,100,1,,,5,2,33000800,100,1100
13240210,一弹倾舞,-1,1,hurt,1,323#423#523#623#723#823#923,120,260,1,0,,0,2000,1800,100,1,,,5,2,33000800,100,1100
13240211,一弹倾舞,-1,1,hurt,1,323#423#523#623#723#823#923,120,260,1,0,,0,2000,1800,100,1,,,5,2,33000800,100,1100
13240212,一弹倾舞,-1,1,hurt,1,323#423#523#623#723#823#923,120,260,1,0,,0,2000,1800,100,1,,,5,2,33000800,100,1100
13240213,一弹倾舞,-1,1,hurt,1,323#423#523#623#723#823#923,120,260,1,0,,0,2000,1800,100,1,,,5,2,33000800,100,1100
13240214,一弹倾舞,-1,1,hurt,1,323#423#523#623#723#823#923,120,260,1,0,,0,2000,1800,100,1,,,5,2,33000800,100,1100
13240215,一弹倾舞,-1,1,hurt,1,323#423#523#623#723#823#923,120,260,1,0,,0,2000,1800,100,1,,,5,2,33000800,100,1100
13250101,一箭双雕,0,1,hurt,1,313#413#513#613#713#813#913,120,280,1,1,13210200,0,2000,1800,100,3,,,5,2,23000800,40#60,1000
13250102,一箭双雕,0,1,hurt,1,313#413#513#613#713#813#913,120,280,1,1,13210200,0,2000,1800,100,3,,,5,2,23000800,40#60,1000
13250103,一箭双雕,0,1,hurt,1,313#413#513#613#713#813#913,120,280,1,1,13210200,0,2000,1800,100,3,,,5,2,23000800,40#60,1000
13250104,一箭双雕,0,1,hurt,1,313#413#513#613#713#813#913,120,280,1,1,13210200,0,2000,1800,100,3,,,5,2,23000800,40#60,1000
13250105,一箭双雕,0,1,hurt,1,313#413#513#613#713#813#913,120,280,1,1,13210200,0,2000,1800,100,3,,,5,2,23000800,40#60,1000
13250106,一箭双雕,0,1,hurt,1,313#413#513#613#713#813#913,120,280,1,1,13210200,0,2000,1800,100,3,,,5,2,23000800,40#60,1000
13250107,一箭双雕,0,1,hurt,1,313#413#513#613#713#813#913,120,280,1,1,13210200,0,2000,1800,100,3,,,5,2,23000800,40#60,1000
13250108,一箭双雕,0,1,hurt,1,313#413#513#613#713#813#913,120,280,1,1,13210200,0,2000,1800,100,3,,,5,2,23000800,40#60,1000
13250109,一箭双雕,0,1,hurt,1,313#413#513#613#713#813#913,120,280,1,1,13210200,0,2000,1800,100,3,,,5,2,23000800,40#60,1000
13250110,一箭双雕,-1,1,hurt,1,313#413#513#613#713#813#913,120,280,1,1,13210200,0,2000,1800,100,3,,,5,2,23000800,40#60,1000
13250111,一箭双雕,-1,1,hurt,1,313#413#513#613#713#813#913,120,280,1,1,13210200,0,2000,1800,100,3,,,5,2,23000800,40#60,1000
13250112,一箭双雕,-1,1,hurt,1,313#413#513#613#713#813#913,120,280,1,1,13210200,0,2000,1800,100,3,,,5,2,23000800,40#60,1000
13250113,一箭双雕,-1,1,hurt,1,313#413#513#613#713#813#913,120,280,1,1,13210200,0,2000,1800,100,3,,,5,2,23000800,40#60,1000
13250114,一箭双雕,-1,1,hurt,1,313#413#513#613#713#813#913,120,280,1,1,13210200,0,2000,1800,100,3,,,5,2,23000800,40#60,1000
13250115,一箭双雕,-1,1,hurt,1,313#413#513#613#713#813#913,120,280,1,1,13210200,0,2000,1800,100,3,,,5,2,23000800,40#60,1000
13250201,箭雨惊鸿,0,1,hurt,1,323#423#523#623#723#823#923,120,280,1,1,13210200,0,2000,1800,100,3,,,5,2,33000800,40#60,400
13250202,箭雨惊鸿,0,1,hurt,1,323#423#523#623#723#823#923,120,280,1,1,13210200,0,2000,1800,100,3,,,5,2,33000800,40#60,400
13250203,箭雨惊鸿,0,1,hurt,1,323#423#523#623#723#823#923,120,280,1,1,13210200,0,2000,1800,100,3,,,5,2,33000800,40#60,400
13250204,箭雨惊鸿,0,1,hurt,1,323#423#523#623#723#823#923,120,280,1,1,13210200,0,2000,1800,100,3,,,5,2,33000800,40#60,400
13250205,箭雨惊鸿,0,1,hurt,1,323#423#523#623#723#823#923,120,280,1,1,13210200,0,2000,1800,100,3,,,5,2,33000800,40#60,400
13250206,箭雨惊鸿,0,1,hurt,1,323#423#523#623#723#823#923,120,280,1,1,13210200,0,2000,1800,100,3,,,5,2,33000800,40#60,400
13250207,箭雨惊鸿,0,1,hurt,1,323#423#523#623#723#823#923,120,280,1,1,13210200,0,2000,1800,100,3,,,5,2,33000800,40#60,400
13250208,箭雨惊鸿,0,1,hurt,1,323#423#523#623#723#823#923,120,280,1,1,13210200,0,2000,1800,100,3,,,5,2,33000800,40#60,400
13250209,箭雨惊鸿,0,1,hurt,1,323#423#523#623#723#823#923,120,280,1,1,13210200,0,2000,1800,100,3,,,5,2,33000800,40#60,400
13250210,箭雨惊鸿,-1,1,hurt,1,323#423#523#623#723#823#923,120,280,1,1,13210200,0,2000,1800,100,3,,,5,2,33000800,40#60,400
13250211,箭雨惊鸿,-1,1,hurt,1,323#423#523#623#723#823#923,120,280,1,1,13210200,0,2000,1800,100,3,,,5,2,33000800,40#60,400
13250212,箭雨惊鸿,-1,1,hurt,1,323#423#523#623#723#823#923,120,280,1,1,13210200,0,2000,1800,100,3,,,5,2,33000800,40#60,400
13250213,箭雨惊鸿,-1,1,hurt,1,323#423#523#623#723#823#923,120,280,1,1,13210200,0,2000,1800,100,3,,,5,2,33000800,40#60,400
13250214,箭雨惊鸿,-1,1,hurt,1,323#423#523#623#723#823#923,120,280,1,1,13210200,0,2000,1800,100,3,,,5,2,33000800,40#60,400
13250215,箭雨惊鸿,-1,1,hurt,1,323#423#523#623#723#823#923,120,280,1,1,13210200,0,2000,1800,100,3,,,5,2,33000800,40#60,400
13260101,掠影流光,0,1,hurt,1,313#413#513#613#713#813#913,130,300,1,0,,0,2000,1800,100,1,,,5,3,23000900,40#60,1100
13260102,掠影流光,0,1,hurt,1,313#413#513#613#713#813#913,130,300,1,0,,0,2000,1800,100,1,,,5,3,23000900,40#60,1100
13260103,掠影流光,0,1,hurt,1,313#413#513#613#713#813#913,130,300,1,0,,0,2000,1800,100,1,,,5,3,23000900,40#60,1100
13260104,掠影流光,0,1,hurt,1,313#413#513#613#713#813#913,130,300,1,0,,0,2000,1800,100,1,,,5,3,23000900,40#60,1100
13260105,掠影流光,0,1,hurt,1,313#413#513#613#713#813#913,130,300,1,0,,0,2000,1800,100,1,,,5,3,23000900,40#60,1100
13260106,掠影流光,0,1,hurt,1,313#413#513#613#713#813#913,130,300,1,0,,0,2000,1800,100,1,,,5,3,23000900,40#60,1100
13260107,掠影流光,0,1,hurt,1,313#413#513#613#713#813#913,130,300,1,0,,0,2000,1800,100,1,,,5,3,23000900,40#60,1100
13260108,掠影流光,0,1,hurt,1,313#413#513#613#713#813#913,130,300,1,0,,0,2000,1800,100,1,,,5,3,23000900,40#60,1100
13260109,掠影流光,0,1,hurt,1,313#413#513#613#713#813#913,130,300,1,0,,0,2000,1800,100,1,,,5,3,23000900,40#60,1100
13260110,掠影流光,-1,1,hurt,1,313#413#513#613#713#813#913,130,300,1,0,,0,2000,1800,100,1,,,5,3,23000900,40#60,1100
13260111,掠影流光,-1,1,hurt,1,313#413#513#613#713#813#913,130,300,1,0,,0,2000,1800,100,1,,,5,3,23000900,40#60,1100
13260112,掠影流光,-1,1,hurt,1,313#413#513#613#713#813#913,130,300,1,0,,0,2000,1800,100,1,,,5,3,23000900,40#60,1100
13260113,掠影流光,-1,1,hurt,1,313#413#513#613#713#813#913,130,300,1,0,,0,2000,1800,100,1,,,5,3,23000900,40#60,1100
13260114,掠影流光,-1,1,hurt,1,313#413#513#613#713#813#913,130,300,1,0,,0,2000,1800,100,1,,,5,3,23000900,40#60,1100
13260115,掠影流光,-1,1,hurt,1,313#413#513#613#713#813#913,130,300,1,0,,0,2000,1800,100,1,,,5,3,23000900,40#60,1100
13260201,邪域顿开,0,1,hurt,1,323#423#523#623#723#823#923,130,300,1,0,,0,2000,1800,100,1,,,5,3,33000900,100,1100
13260202,邪域顿开,0,1,hurt,1,323#423#523#623#723#823#923,130,300,1,0,,0,2000,1800,100,1,,,5,3,33000900,100,1100
13260203,邪域顿开,0,1,hurt,1,323#423#523#623#723#823#923,130,300,1,0,,0,2000,1800,100,1,,,5,3,33000900,100,1100
13260204,邪域顿开,0,1,hurt,1,323#423#523#623#723#823#923,130,300,1,0,,0,2000,1800,100,1,,,5,3,33000900,100,1100
13260205,邪域顿开,0,1,hurt,1,323#423#523#623#723#823#923,130,300,1,0,,0,2000,1800,100,1,,,5,3,33000900,100,1100
13260206,邪域顿开,0,1,hurt,1,323#423#523#623#723#823#923,130,300,1,0,,0,2000,1800,100,1,,,5,3,33000900,100,1100
13260207,邪域顿开,0,1,hurt,1,323#423#523#623#723#823#923,130,300,1,0,,0,2000,1800,100,1,,,5,3,33000900,100,1100
13260208,邪域顿开,0,1,hurt,1,323#423#523#623#723#823#923,130,300,1,0,,0,2000,1800,100,1,,,5,3,33000900,100,1100
13260209,邪域顿开,0,1,hurt,1,323#423#523#623#723#823#923,130,300,1,0,,0,2000,1800,100,1,,,5,3,33000900,100,1100
13260210,邪域顿开,-1,1,hurt,1,323#423#523#623#723#823#923,130,300,1,0,,0,2000,1800,100,1,,,5,3,33000900,100,1100
13260211,邪域顿开,-1,1,hurt,1,323#423#523#623#723#823#923,130,300,1,0,,0,2000,1800,100,1,,,5,3,33000900,100,1100
13260212,邪域顿开,-1,1,hurt,1,323#423#523#623#723#823#923,130,300,1,0,,0,2000,1800,100,1,,,5,3,33000900,100,1100
13260213,邪域顿开,-1,1,hurt,1,323#423#523#623#723#823#923,130,300,1,0,,0,2000,1800,100,1,,,5,3,33000900,100,1100
13260214,邪域顿开,-1,1,hurt,1,323#423#523#623#723#823#923,130,300,1,0,,0,2000,1800,100,1,,,5,3,33000900,100,1100
13260215,邪域顿开,-1,1,hurt,1,323#423#523#623#723#823#923,130,300,1,0,,0,2000,1800,100,1,,,5,3,33000900,100,1100
13270101,双箭追魂,0,1,hurt,1,313#413#513#613#713#813#913,130,320,1,1,13210200,0,2000,1800,100,3,,,5,3,23000900,25#35#40,400
13270102,双箭追魂,0,1,hurt,1,313#413#513#613#713#813#913,130,320,1,1,13210200,0,2000,1800,100,3,,,5,3,23000900,25#35#40,400
13270103,双箭追魂,0,1,hurt,1,313#413#513#613#713#813#913,130,320,1,1,13210200,0,2000,1800,100,3,,,5,3,23000900,25#35#40,400
13270104,双箭追魂,0,1,hurt,1,313#413#513#613#713#813#913,130,320,1,1,13210200,0,2000,1800,100,3,,,5,3,23000900,25#35#40,400
13270105,双箭追魂,0,1,hurt,1,313#413#513#613#713#813#913,130,320,1,1,13210200,0,2000,1800,100,3,,,5,3,23000900,25#35#40,400
13270106,双箭追魂,0,1,hurt,1,313#413#513#613#713#813#913,130,320,1,1,13210200,0,2000,1800,100,3,,,5,3,23000900,25#35#40,400
13270107,双箭追魂,0,1,hurt,1,313#413#513#613#713#813#913,130,320,1,1,13210200,0,2000,1800,100,3,,,5,3,23000900,25#35#40,400
13270108,双箭追魂,0,1,hurt,1,313#413#513#613#713#813#913,130,320,1,1,13210200,0,2000,1800,100,3,,,5,3,23000900,25#35#40,400
13270109,双箭追魂,0,1,hurt,1,313#413#513#613#713#813#913,130,320,1,1,13210200,0,2000,1800,100,3,,,5,3,23000900,25#35#40,400
13270110,双箭追魂,-1,1,hurt,1,313#413#513#613#713#813#913,130,320,1,1,13210200,0,2000,1800,100,3,,,5,3,23000900,25#35#40,400
13270111,双箭追魂,-1,1,hurt,1,313#413#513#613#713#813#913,130,320,1,1,13210200,0,2000,1800,100,3,,,5,3,23000900,25#35#40,400
13270112,双箭追魂,-1,1,hurt,1,313#413#513#613#713#813#913,130,320,1,1,13210200,0,2000,1800,100,3,,,5,3,23000900,25#35#40,400
13270113,双箭追魂,-1,1,hurt,1,313#413#513#613#713#813#913,130,320,1,1,13210200,0,2000,1800,100,3,,,5,3,23000900,25#35#40,400
13270114,双箭追魂,-1,1,hurt,1,313#413#513#613#713#813#913,130,320,1,1,13210200,0,2000,1800,100,3,,,5,3,23000900,25#35#40,400
13270115,双箭追魂,-1,1,hurt,1,313#413#513#613#713#813#913,130,320,1,1,13210200,0,2000,1800,100,3,,,5,3,23000900,25#35#40,400
13270201,双鬼索命,0,1,hurt,1,323#423#523#623#723#823#923,130,320,1,1,13210200,0,2000,1800,100,3,,,5,3,33000900,40#60,500
13270202,双鬼索命,0,1,hurt,1,323#423#523#623#723#823#923,130,320,1,1,13210200,0,2000,1800,100,3,,,5,3,33000900,40#60,500
13270203,双鬼索命,0,1,hurt,1,323#423#523#623#723#823#923,130,320,1,1,13210200,0,2000,1800,100,3,,,5,3,33000900,40#60,500
13270204,双鬼索命,0,1,hurt,1,323#423#523#623#723#823#923,130,320,1,1,13210200,0,2000,1800,100,3,,,5,3,33000900,40#60,500
13270205,双鬼索命,0,1,hurt,1,323#423#523#623#723#823#923,130,320,1,1,13210200,0,2000,1800,100,3,,,5,3,33000900,40#60,500
13270206,双鬼索命,0,1,hurt,1,323#423#523#623#723#823#923,130,320,1,1,13210200,0,2000,1800,100,3,,,5,3,33000900,40#60,500
13270207,双鬼索命,0,1,hurt,1,323#423#523#623#723#823#923,130,320,1,1,13210200,0,2000,1800,100,3,,,5,3,33000900,40#60,500
13270208,双鬼索命,0,1,hurt,1,323#423#523#623#723#823#923,130,320,1,1,13210200,0,2000,1800,100,3,,,5,3,33000900,40#60,500
13270209,双鬼索命,0,1,hurt,1,323#423#523#623#723#823#923,130,320,1,1,13210200,0,2000,1800,100,3,,,5,3,33000900,40#60,500
13270210,双鬼索命,-1,1,hurt,1,323#423#523#623#723#823#923,130,320,1,1,13210200,0,2000,1800,100,3,,,5,3,33000900,40#60,500
13270211,双鬼索命,-1,1,hurt,1,323#423#523#623#723#823#923,130,320,1,1,13210200,0,2000,1800,100,3,,,5,3,33000900,40#60,500
13270212,双鬼索命,-1,1,hurt,1,323#423#523#623#723#823#923,130,320,1,1,13210200,0,2000,1800,100,3,,,5,3,33000900,40#60,500
13270213,双鬼索命,-1,1,hurt,1,323#423#523#623#723#823#923,130,320,1,1,13210200,0,2000,1800,100,3,,,5,3,33000900,40#60,500
13270214,双鬼索命,-1,1,hurt,1,323#423#523#623#723#823#923,130,320,1,1,13210200,0,2000,1800,100,3,,,5,3,33000900,40#60,500
13270215,双鬼索命,-1,1,hurt,1,323#423#523#623#723#823#923,130,320,1,1,13210200,0,2000,1800,100,3,,,5,3,33000900,40#60,500
13510101,移形换位,-1,1,buff,1,103#203#313#323#413#423#513#523#613#623#713#723#813#823#913#923,20,20,0,0,,7,10000,1500,100,1,,,1,2,13000300,,
13520101,玄阳真气,-1,1,buff,1,103#203#313#323#413#423#513#523#613#623#713#723#813#823#913#923,55,25,2,0,,0,10000,1500,100,1,,,1,2,13000300,,
13530101,玄阴真气,-1,1,buff,1,103#203#313#323#413#423#513#523#613#623#713#723#813#823#913#923,55,25,2,0,,0,10000,1500,100,1,,,1,2,13000300,,
13540101,气贯山河,-1,1,buff,1,103#203#313#323#413#423#513#523#613#623#713#723#813#823#913#923,45,20,2,0,,0,10000,0,100,1,,,1,3,13000400,,
13550101,冥神护体,-1,1,buff,1,103#203#313#323#413#423#513#523#613#623#713#723#813#823#913#923,60,25,2,0,,0,10000,0,100,1,,,1,3,13000400,,
13560101,天罡战气,-1,2,buff,1,103#203#313#323#413#423#513#523#613#623#713#723#813#823#913#923,60,25,2,3,,0,10000,0,100,9,202150001,,9,3,13000400,,
13570101,御流真气,-1,1,buff,1,103#203#313#323#413#423#513#523#613#623#713#723#813#823#913#923,80,100,2,0,,0,10000,0,100,1,,,1,4,13000500,,
14010101,碧波潮生,-1,1,hurt,1,104#204#314#324#414#424#514#524#614#624#714#724#814#824#914#924,10,5,1,0,,0,2000,1800,100,1,,,2,1,14000100,100,1200
14020101,劲风魅舞,-1,1,hurt,1,104#204#314#324#414#424#514#524#614#624#714#724#814#824#914#924,20,12,1,0,,0,2000,1800,100,1,,,2,1,14000100,100,1200
14030101,皓月当空,-1,1,hurt,1,104#204#314#324#414#424#514#524#614#624#714#724#814#824#914#924,30,18,1,0,,0,2000,1800,100,1,,,2,1,14000100,100,1300
14040101,雷霆霹雳,-1,1,hurt,1,314#414#514#614#714#814#914,35,20,1,0,,0,2000,1800,100,1,,,2,2,24000100,100,1000
14040201,鬼煞之音,-1,1,hurt,1,324#424#524#624#724#824#924,35,20,1,0,,0,2000,1800,100,1,,,2,2,34000100,25#35#40,1000
14050101,雷霆残影,-1,1,hurt,1,314#414#514#614#714#814#914,45,25,1,0,,0,2000,1800,100,1,,,2,2,24000100,100,1000
14050201,鬼煞三星,-1,1,hurt,1,324#424#524#624#724#824#924,45,25,1,0,,0,2000,1800,100,1,,,2,2,34000100,100,1000
14060101,雷霆四海,-1,1,hurt,1,314#414#514#614#714#814#914,55,35,1,0,,0,2000,1800,100,1,,,2,2,24000100,100,1000
14060201,鬼煞灭天,-1,1,hurt,1,324#424#524#624#724#824#924,55,35,1,0,,0,2000,1800,100,1,,,2,2,34000100,25#35#40,1000
14070101,碧波贯山,-1,1,hurt,1,314#414#514#614#714#814#914,60,35,1,0,,0,2000,1800,100,1,,,2,3,24000200,40#60,1000
14070201,裟衣激风,-1,1,hurt,1,324#424#524#624#724#824#924,60,35,1,0,,0,2000,1800,100,1,,,2,3,34000200,40#60,1000
14080101,碧波贯气,-1,1,hurt,1,314#414#514#614#714#814#914,64,40,1,0,,0,2000,1800,100,1,,,2,3,24000200,100,1300
14080201,裟衣拂柳,-1,1,hurt,1,324#424#524#624#724#824#924,64,40,1,0,,0,2000,1800,100,1,,,2,3,34000200,100,1000
14090101,碧波杀阵,-1,1,hurt,1,314#414#514#614#714#814#914,68,45,1,0,,0,2000,1800,100,1,,,2,3,24000200,100,1000
14090201,裟衣落英,-1,1,hurt,1,324#424#524#624#724#824#924,68,45,1,0,,0,2000,1800,100,1,,,2,3,34000200,100,1000
14100101,剑破长空,-1,1,hurt,1,314#414#514#614#714#814#914,71,50,1,0,,0,2000,1800,100,1,,,2,4,24000300,25#35#40,1000
14100201,灭魂寒锋,-1,1,hurt,1,324#424#524#624#724#824#924,71,50,1,0,,0,2000,1800,100,1,,,2,4,34000300,25#35#40,1000
14110101,劈风斩浪,-1,1,hurt,1,314#414#514#614#714#814#914,74,55,1,0,,0,2000,1800,100,1,,,2,4,24000300,100,1000
14110102,真·劈风斩浪,-1,1,hurt,1,314#414#514#614#714#814#914,74,55,1,0,,0,2000,1800,100,1,,,2,4,24000300,100,1000
14110201,灭魂破山,-1,1,hurt,1,324#424#524#624#724#824#924,74,55,1,0,,0,2000,1800,100,1,,,2,4,34000300,100,1300
14110202,真·灭魂破山,-1,1,hurt,1,324#424#524#624#724#824#924,74,55,1,0,,0,2000,1800,100,1,,,2,4,34000300,100,1300
14120101,凤舞神剑,-1,1,hurt,1,314#414#514#614#714#814#914,77,60,1,0,,0,2000,1800,100,1,,,2,4,24000300,100,1000
14120102,真·凤舞神剑,-1,1,hurt,1,314#414#514#614#714#814#914,77,60,1,1,14120100,0,2000,1800,100,3,,,2,4,24000300,100,1000
14120201,灭魂鹰飞,-1,1,hurt,1,324#424#524#624#724#824#924,77,60,1,0,,0,2000,1800,100,1,,,2,4,34000300,100,1300
14120202,真·灭魂鹰飞,-1,1,hurt,1,324#424#524#624#724#824#924,77,60,1,1,14120200,0,2000,1800,100,3,,,2,4,34000300,100,1300
14130101,气剑山河,-1,1,hurt,1,314#414#514#614#714#814#914,80,70,1,0,,0,2000,1800,100,1,,,2,5,24000400,25#35#40,1000
14130201,浣花剑雨,-1,1,hurt,1,324#424#524#624#724#824#924,80,70,1,0,,0,2000,1800,100,1,,,2,5,34000400,40#60,1000
14140101,天人神剑,-1,1,hurt,1,314#414#514#614#714#814#914,84,80,1,0,,0,2000,1800,100,1,,,2,5,24000400,25#35#40,1000
14140102,真·天人神剑,-1,1,hurt,1,314#414#514#614#714#814#914,84,80,1,0,,0,2000,1800,100,1,,,2,5,24000400,25#35#40,1000
14140201,魔狱狂澜,-1,1,hurt,1,324#424#524#624#724#824#924,84,80,1,0,,0,2000,1800,100,1,,,2,5,34000400,40#60,1000
14140202,真·魔狱狂澜,-1,1,hurt,1,324#424#524#624#724#824#924,84,80,1,0,,0,2000,1800,100,1,,,2,5,34000400,40#60,1000
14150101,万剑归宗,-1,1,hurt,1,314#414#514#614#714#814#914,88,90,1,0,,0,2000,1800,100,1,,,2,5,24000400,25#35#40,1000
14150102,真·万剑归宗,-1,1,hurt,1,314#414#514#614#714#814#914,88,90,1,1,14150100,0,2000,1800,100,3,,,2,5,24000400,25#35#40,1000
14150201,花落归宗,-1,1,hurt,1,324#424#524#624#724#824#924,88,90,1,0,,0,2000,1800,100,1,,,2,5,34000400,25#35#40,1000
14150202,真·花落归宗,-1,1,hurt,1,324#424#524#624#724#824#924,88,90,1,1,14150200,0,2000,1800,100,3,,,2,5,34000400,25#35#40,1000
14160101,幻影追魂,-1,1,hurt,1,314#414#514#614#714#814#914,91,120,1,0,,0,2000,1800,100,1,,,2,6,24000500,40#60,1000
14160201,狂剑斩魔,-1,1,hurt,1,324#424#524#624#724#824#924,91,120,1,0,,0,2000,1800,100,1,,,2,6,34000500,25#35#40,1000
14170101,阳关三叠,-1,1,hurt,1,314#414#514#614#714#814#914,94,130,1,0,,0,2000,1800,100,1,,,2,6,24000500,25#35#40,1000
14170102,真·阳关三叠,-1,1,hurt,1,314#414#514#614#714#814#914,94,130,1,0,,0,2000,1800,100,1,,,2,6,24000500,25#35#40,1000
14170201,狂魔血舞,-1,1,hurt,1,324#424#524#624#724#824#924,94,130,1,0,,0,2000,1800,100,1,,,2,6,34000500,25#35#40,1000
14170202,真·狂魔血舞,-1,1,hurt,1,324#424#524#624#724#824#924,94,130,1,0,,0,2000,1800,100,1,,,2,6,34000500,25#35#40,1000
14180101,万剑绝杀,-1,1,hurt,1,314#414#514#614#714#814#914,97,140,1,0,,0,2000,1800,100,1,,,2,6,24000500,100,1000
14180102,真·万剑绝杀,-1,1,hurt,1,314#414#514#614#714#814#914,97,140,1,1,14180100,0,2000,1800,100,3,,,2,6,24000500,100,1000
14180201,心魔缠身,-1,1,hurt,1,324#424#524#624#724#824#924,97,140,1,0,,0,2000,1800,100,1,,,2,6,34000500,40#60,1000
14180202,真·心魔缠身,-1,1,hurt,1,324#424#524#624#724#824#924,97,140,1,1,14180200,0,2000,1800,100,3,,,2,6,34000500,40#60,1000
14190101,问剑无名,-1,1,hurt,1,314#414#514#614#714#814#914,100,160,1,0,,0,2000,1800,100,1,,,2,7,24000600,25#35#40,1000
14190201,鬼舞无锋,-1,1,hurt,1,324#424#524#624#724#824#924,100,160,1,0,,0,2000,1800,100,1,,,2,7,34000600,25#35#40,1000
14200101,无名剑气,-1,1,hurt,1,314#414#514#614#714#814#914,104,180,1,0,,0,2000,1800,100,1,,,2,7,24000600,40#60,1000
14200102,真·无名剑气,-1,1,hurt,1,314#414#514#614#714#814#914,104,180,1,0,,0,2000,1800,100,1,,,2,7,24000600,40#60,1000
14200201,鬼舞破天,-1,1,hurt,1,324#424#524#624#724#824#924,104,180,1,0,,0,2000,1800,100,1,,,2,7,34000600,40#60,1000
14200202,真·鬼舞破天,-1,1,hurt,1,324#424#524#624#724#824#924,104,180,1,0,,0,2000,1800,100,1,,,2,7,34000600,40#60,1000
14210101,断剑无声,-1,1,hurt,1,314#414#514#614#714#814#914,108,200,1,0,,0,2000,1800,100,1,,,2,7,24000600,100,1300
14210102,真·断剑无声,-1,1,hurt,1,314#414#514#614#714#814#914,108,200,1,1,14210100,0,2000,1800,100,3,,,2,7,24000600,100,1300
14210201,鬼舞破晓,-1,1,hurt,1,324#424#524#624#724#824#924,108,200,1,0,,0,2000,1800,100,1,,,2,7,34000600,100,1300
14210202,真·鬼舞破晓,-1,1,hurt,1,324#424#524#624#724#824#924,108,200,1,1,14210200,0,2000,1800,100,3,,,2,7,34000600,100,1300
14220101,游龙泣云嗔,0,1,hurt,1,314#414#514#614#714#814#914,115,220,1,0,,0,2000,1800,100,1,,,2,1,24000700,100,800
14220102,游龙泣云嗔,0,1,hurt,1,314#414#514#614#714#814#914,115,220,1,0,,0,2000,1800,100,1,,,2,1,24000700,100,800
14220103,游龙泣云嗔,0,1,hurt,1,314#414#514#614#714#814#914,115,220,1,0,,0,2000,1800,100,1,,,2,1,24000700,100,800
14220104,游龙泣云嗔,0,1,hurt,1,314#414#514#614#714#814#914,115,220,1,0,,0,2000,1800,100,1,,,2,1,24000700,100,800
14220105,游龙泣云嗔,0,1,hurt,1,314#414#514#614#714#814#914,115,220,1,0,,0,2000,1800,100,1,,,2,1,24000700,100,800
14220106,游龙泣云嗔,0,1,hurt,1,314#414#514#614#714#814#914,115,220,1,0,,0,2000,1800,100,1,,,2,1,24000700,100,800
14220107,游龙泣云嗔,0,1,hurt,1,314#414#514#614#714#814#914,115,220,1,0,,0,2000,1800,100,1,,,2,1,24000700,100,800
14220108,游龙泣云嗔,0,1,hurt,1,314#414#514#614#714#814#914,115,220,1,0,,0,2000,1800,100,1,,,2,1,24000700,100,800
14220109,游龙泣云嗔,0,1,hurt,1,314#414#514#614#714#814#914,115,220,1,0,,0,2000,1800,100,1,,,2,1,24000700,100,800
14220110,游龙泣云嗔,-1,1,hurt,1,314#414#514#614#714#814#914,115,220,1,0,,0,2000,1800,100,1,,,2,1,24000700,100,800
14220111,游龙泣云嗔,-1,1,hurt,1,314#414#514#614#714#814#914,115,220,1,0,,0,2000,1800,100,1,,,2,1,24000700,100,800
14220112,游龙泣云嗔,-1,1,hurt,1,314#414#514#614#714#814#914,115,220,1,0,,0,2000,1800,100,1,,,2,1,24000700,100,800
14220113,游龙泣云嗔,-1,1,hurt,1,314#414#514#614#714#814#914,115,220,1,0,,0,2000,1800,100,1,,,2,1,24000700,100,800
14220114,游龙泣云嗔,-1,1,hurt,1,314#414#514#614#714#814#914,115,220,1,0,,0,2000,1800,100,1,,,2,1,24000700,100,800
14220115,游龙泣云嗔,-1,1,hurt,1,314#414#514#614#714#814#914,115,220,1,0,,0,2000,1800,100,1,,,2,1,24000700,100,800
14220201,烈妖回锋绝,0,1,hurt,1,324#424#524#624#724#824#924,115,220,1,0,,0,2000,1800,100,1,,,2,1,34000700,100,700
14220202,烈妖回锋绝,0,1,hurt,1,324#424#524#624#724#824#924,115,220,1,0,,0,2000,1800,100,1,,,2,1,34000700,100,700
14220203,烈妖回锋绝,0,1,hurt,1,324#424#524#624#724#824#924,115,220,1,0,,0,2000,1800,100,1,,,2,1,34000700,100,700
14220204,烈妖回锋绝,0,1,hurt,1,324#424#524#624#724#824#924,115,220,1,0,,0,2000,1800,100,1,,,2,1,34000700,100,700
14220205,烈妖回锋绝,0,1,hurt,1,324#424#524#624#724#824#924,115,220,1,0,,0,2000,1800,100,1,,,2,1,34000700,100,700
14220206,烈妖回锋绝,0,1,hurt,1,324#424#524#624#724#824#924,115,220,1,0,,0,2000,1800,100,1,,,2,1,34000700,100,700
14220207,烈妖回锋绝,0,1,hurt,1,324#424#524#624#724#824#924,115,220,1,0,,0,2000,1800,100,1,,,2,1,34000700,100,700
14220208,烈妖回锋绝,0,1,hurt,1,324#424#524#624#724#824#924,115,220,1,0,,0,2000,1800,100,1,,,2,1,34000700,100,700
14220209,烈妖回锋绝,0,1,hurt,1,324#424#524#624#724#824#924,115,220,1,0,,0,2000,1800,100,1,,,2,1,34000700,100,700
14220210,烈妖回锋绝,-1,1,hurt,1,324#424#524#624#724#824#924,115,220,1,0,,0,2000,1800,100,1,,,2,1,34000700,100,700
14220211,烈妖回锋绝,-1,1,hurt,1,324#424#524#624#724#824#924,115,220,1,0,,0,2000,1800,100,1,,,2,1,34000700,100,700
14220212,烈妖回锋绝,-1,1,hurt,1,324#424#524#624#724#824#924,115,220,1,0,,0,2000,1800,100,1,,,2,1,34000700,100,700
14220213,烈妖回锋绝,-1,1,hurt,1,324#424#524#624#724#824#924,115,220,1,0,,0,2000,1800,100,1,,,2,1,34000700,100,700
14220214,烈妖回锋绝,-1,1,hurt,1,324#424#524#624#724#824#924,115,220,1,0,,0,2000,1800,100,1,,,2,1,34000700,100,700
14220215,烈妖回锋绝,-1,1,hurt,1,324#424#524#624#724#824#924,115,220,1,0,,0,2000,1800,100,1,,,2,1,34000700,100,700
14230101,万蛟蚕魂嗔,0,1,hurt,1,314#414#514#614#714#814#914,115,240,1,1,14210200,0,2000,1800,100,3,,,2,1,24000700,40#60,650
14230102,万蛟蚕魂嗔,0,1,hurt,1,314#414#514#614#714#814#914,115,240,1,1,14210200,0,2000,1800,100,3,,,2,1,24000700,40#60,650
14230103,万蛟蚕魂嗔,0,1,hurt,1,314#414#514#614#714#814#914,115,240,1,1,14210200,0,2000,1800,100,3,,,2,1,24000700,40#60,650
14230104,万蛟蚕魂嗔,0,1,hurt,1,314#414#514#614#714#814#914,115,240,1,1,14210200,0,2000,1800,100,3,,,2,1,24000700,40#60,650
14230105,万蛟蚕魂嗔,0,1,hurt,1,314#414#514#614#714#814#914,115,240,1,1,14210200,0,2000,1800,100,3,,,2,1,24000700,40#60,650
14230106,万蛟蚕魂嗔,0,1,hurt,1,314#414#514#614#714#814#914,115,240,1,1,14210200,0,2000,1800,100,3,,,2,1,24000700,40#60,650
14230107,万蛟蚕魂嗔,0,1,hurt,1,314#414#514#614#714#814#914,115,240,1,1,14210200,0,2000,1800,100,3,,,2,1,24000700,40#60,650
14230108,万蛟蚕魂嗔,0,1,hurt,1,314#414#514#614#714#814#914,115,240,1,1,14210200,0,2000,1800,100,3,,,2,1,24000700,40#60,650
14230109,万蛟蚕魂嗔,0,1,hurt,1,314#414#514#614#714#814#914,115,240,1,1,14210200,0,2000,1800,100,3,,,2,1,24000700,40#60,650
14230110,万蛟蚕魂嗔,-1,1,hurt,1,314#414#514#614#714#814#914,115,240,1,1,14210200,0,2000,1800,100,3,,,2,1,24000700,40#60,650
14230111,万蛟蚕魂嗔,-1,1,hurt,1,314#414#514#614#714#814#914,115,240,1,1,14210200,0,2000,1800,100,3,,,2,1,24000700,40#60,650
14230112,万蛟蚕魂嗔,-1,1,hurt,1,314#414#514#614#714#814#914,115,240,1,1,14210200,0,2000,1800,100,3,,,2,1,24000700,40#60,650
14230113,万蛟蚕魂嗔,-1,1,hurt,1,314#414#514#614#714#814#914,115,240,1,1,14210200,0,2000,1800,100,3,,,2,1,24000700,40#60,650
14230114,万蛟蚕魂嗔,-1,1,hurt,1,314#414#514#614#714#814#914,115,240,1,1,14210200,0,2000,1800,100,3,,,2,1,24000700,40#60,650
14230115,万蛟蚕魂嗔,-1,1,hurt,1,314#414#514#614#714#814#914,115,240,1,1,14210200,0,2000,1800,100,3,,,2,1,24000700,40#60,650
14230201,炎鬼旋月绝,0,1,hurt,1,324#424#524#624#724#824#924,115,240,1,1,14210200,0,2000,1800,100,3,,,2,1,34000700,40#60,600
14230202,炎鬼旋月绝,0,1,hurt,1,324#424#524#624#724#824#924,115,240,1,1,14210200,0,2000,1800,100,3,,,2,1,34000700,40#60,600
14230203,炎鬼旋月绝,0,1,hurt,1,324#424#524#624#724#824#924,115,240,1,1,14210200,0,2000,1800,100,3,,,2,1,34000700,40#60,600
14230204,炎鬼旋月绝,0,1,hurt,1,324#424#524#624#724#824#924,115,240,1,1,14210200,0,2000,1800,100,3,,,2,1,34000700,40#60,600
14230205,炎鬼旋月绝,0,1,hurt,1,324#424#524#624#724#824#924,115,240,1,1,14210200,0,2000,1800,100,3,,,2,1,34000700,40#60,600
14230206,炎鬼旋月绝,0,1,hurt,1,324#424#524#624#724#824#924,115,240,1,1,14210200,0,2000,1800,100,3,,,2,1,34000700,40#60,600
14230207,炎鬼旋月绝,0,1,hurt,1,324#424#524#624#724#824#924,115,240,1,1,14210200,0,2000,1800,100,3,,,2,1,34000700,40#60,600
14230208,炎鬼旋月绝,0,1,hurt,1,324#424#524#624#724#824#924,115,240,1,1,14210200,0,2000,1800,100,3,,,2,1,34000700,40#60,600
14230209,炎鬼旋月绝,0,1,hurt,1,324#424#524#624#724#824#924,115,240,1,1,14210200,0,2000,1800,100,3,,,2,1,34000700,40#60,600
14230210,炎鬼旋月绝,-1,1,hurt,1,324#424#524#624#724#824#924,115,240,1,1,14210200,0,2000,1800,100,3,,,2,1,34000700,40#60,600
14230211,炎鬼旋月绝,-1,1,hurt,1,324#424#524#624#724#824#924,115,240,1,1,14210200,0,2000,1800,100,3,,,2,1,34000700,40#60,600
14230212,炎鬼旋月绝,-1,1,hurt,1,324#424#524#624#724#824#924,115,240,1,1,14210200,0,2000,1800,100,3,,,2,1,34000700,40#60,600
14230213,炎鬼旋月绝,-1,1,hurt,1,324#424#524#624#724#824#924,115,240,1,1,14210200,0,2000,1800,100,3,,,2,1,34000700,40#60,600
14230214,炎鬼旋月绝,-1,1,hurt,1,324#424#524#624#724#824#924,115,240,1,1,14210200,0,2000,1800,100,3,,,2,1,34000700,40#60,600
14230215,炎鬼旋月绝,-1,1,hurt,1,324#424#524#624#724#824#924,115,240,1,1,14210200,0,2000,1800,100,3,,,2,1,34000700,40#60,600
14240101,斗摇星河,0,1,hurt,1,314#414#514#614#714#814#914,120,260,1,0,,0,2000,1800,100,1,,,2,2,24000800,100,660
14240102,斗摇星河,0,1,hurt,1,314#414#514#614#714#814#914,120,260,1,0,,0,2000,1800,100,1,,,2,2,24000800,100,660
14240103,斗摇星河,0,1,hurt,1,314#414#514#614#714#814#914,120,260,1,0,,0,2000,1800,100,1,,,2,2,24000800,100,660
14240104,斗摇星河,0,1,hurt,1,314#414#514#614#714#814#914,120,260,1,0,,0,2000,1800,100,1,,,2,2,24000800,100,660
14240105,斗摇星河,0,1,hurt,1,314#414#514#614#714#814#914,120,260,1,0,,0,2000,1800,100,1,,,2,2,24000800,100,660
14240106,斗摇星河,0,1,hurt,1,314#414#514#614#714#814#914,120,260,1,0,,0,2000,1800,100,1,,,2,2,24000800,100,660
14240107,斗摇星河,0,1,hurt,1,314#414#514#614#714#814#914,120,260,1,0,,0,2000,1800,100,1,,,2,2,24000800,100,660
14240108,斗摇星河,0,1,hurt,1,314#414#514#614#714#814#914,120,260,1,0,,0,2000,1800,100,1,,,2,2,24000800,100,660
14240109,斗摇星河,0,1,hurt,1,314#414#514#614#714#814#914,120,260,1,0,,0,2000,1800,100,1,,,2,2,24000800,100,660
14240110,斗摇星河,-1,1,hurt,1,314#414#514#614#714#814#914,120,260,1,0,,0,2000,1800,100,1,,,2,2,24000800,100,660
14240111,斗摇星河,-1,1,hurt,1,314#414#514#614#714#814#914,120,260,1,0,,0,2000,1800,100,1,,,2,2,24000800,100,660
14240112,斗摇星河,-1,1,hurt,1,314#414#514#614#714#814#914,120,260,1,0,,0,2000,1800,100,1,,,2,2,24000800,100,660
14240113,斗摇星河,-1,1,hurt,1,314#414#514#614#714#814#914,120,260,1,0,,0,2000,1800,100,1,,,2,2,24000800,100,660
14240114,斗摇星河,-1,1,hurt,1,314#414#514#614#714#814#914,120,260,1,0,,0,2000,1800,100,1,,,2,2,24000800,100,660
14240115,斗摇星河,-1,1,hurt,1,314#414#514#614#714#814#914,120,260,1,0,,0,2000,1800,100,1,,,2,2,24000800,100,660
14240201,风涛聚啸,0,1,hurt,1,324#424#524#624#724#824#924,120,260,1,0,,0,2000,1800,100,1,,,2,2,34000800,100,570
14240202,风涛聚啸,0,1,hurt,1,324#424#524#624#724#824#924,120,260,1,0,,0,2000,1800,100,1,,,2,2,34000800,100,570
14240203,风涛聚啸,0,1,hurt,1,324#424#524#624#724#824#924,120,260,1,0,,0,2000,1800,100,1,,,2,2,34000800,100,570
14240204,风涛聚啸,0,1,hurt,1,324#424#524#624#724#824#924,120,260,1,0,,0,2000,1800,100,1,,,2,2,34000800,100,570
14240205,风涛聚啸,0,1,hurt,1,324#424#524#624#724#824#924,120,260,1,0,,0,2000,1800,100,1,,,2,2,34000800,100,570
14240206,风涛聚啸,0,1,hurt,1,324#424#524#624#724#824#924,120,260,1,0,,0,2000,1800,100,1,,,2,2,34000800,100,570
14240207,风涛聚啸,0,1,hurt,1,324#424#524#624#724#824#924,120,260,1,0,,0,2000,1800,100,1,,,2,2,34000800,100,570
14240208,风涛聚啸,0,1,hurt,1,324#424#524#624#724#824#924,120,260,1,0,,0,2000,1800,100,1,,,2,2,34000800,100,570
14240209,风涛聚啸,0,1,hurt,1,324#424#524#624#724#824#924,120,260,1,0,,0,2000,1800,100,1,,,2,2,34000800,100,570
14240210,风涛聚啸,-1,1,hurt,1,324#424#524#624#724#824#924,120,260,1,0,,0,2000,1800,100,1,,,2,2,34000800,100,570
14240211,风涛聚啸,-1,1,hurt,1,324#424#524#624#724#824#924,120,260,1,0,,0,2000,1800,100,1,,,2,2,34000800,100,570
14240212,风涛聚啸,-1,1,hurt,1,324#424#524#624#724#824#924,120,260,1,0,,0,2000,1800,100,1,,,2,2,34000800,100,570
14240213,风涛聚啸,-1,1,hurt,1,324#424#524#624#724#824#924,120,260,1,0,,0,2000,1800,100,1,,,2,2,34000800,100,570
14240214,风涛聚啸,-1,1,hurt,1,324#424#524#624#724#824#924,120,260,1,0,,0,2000,1800,100,1,,,2,2,34000800,100,570
14240215,风涛聚啸,-1,1,hurt,1,324#424#524#624#724#824#924,120,260,1,0,,0,2000,1800,100,1,,,2,2,34000800,100,570
14250101,三环套月,0,1,hurt,1,314#414#514#614#714#814#914,120,280,1,1,14210200,0,2000,1800,100,3,,,2,2,24000800,100,600
14250102,三环套月,0,1,hurt,1,314#414#514#614#714#814#914,120,280,1,1,14210200,0,2000,1800,100,3,,,2,2,24000800,100,600
14250103,三环套月,0,1,hurt,1,314#414#514#614#714#814#914,120,280,1,1,14210200,0,2000,1800,100,3,,,2,2,24000800,100,600
14250104,三环套月,0,1,hurt,1,314#414#514#614#714#814#914,120,280,1,1,14210200,0,2000,1800,100,3,,,2,2,24000800,100,600
14250105,三环套月,0,1,hurt,1,314#414#514#614#714#814#914,120,280,1,1,14210200,0,2000,1800,100,3,,,2,2,24000800,100,600
14250106,三环套月,0,1,hurt,1,314#414#514#614#714#814#914,120,280,1,1,14210200,0,2000,1800,100,3,,,2,2,24000800,100,600
14250107,三环套月,0,1,hurt,1,314#414#514#614#714#814#914,120,280,1,1,14210200,0,2000,1800,100,3,,,2,2,24000800,100,600
14250108,三环套月,0,1,hurt,1,314#414#514#614#714#814#914,120,280,1,1,14210200,0,2000,1800,100,3,,,2,2,24000800,100,600
14250109,三环套月,0,1,hurt,1,314#414#514#614#714#814#914,120,280,1,1,14210200,0,2000,1800,100,3,,,2,2,24000800,100,600
14250110,三环套月,-1,1,hurt,1,314#414#514#614#714#814#914,120,280,1,1,14210200,0,2000,1800,100,3,,,2,2,24000800,100,600
14250111,三环套月,-1,1,hurt,1,314#414#514#614#714#814#914,120,280,1,1,14210200,0,2000,1800,100,3,,,2,2,24000800,100,600
14250112,三环套月,-1,1,hurt,1,314#414#514#614#714#814#914,120,280,1,1,14210200,0,2000,1800,100,3,,,2,2,24000800,100,600
14250113,三环套月,-1,1,hurt,1,314#414#514#614#714#814#914,120,280,1,1,14210200,0,2000,1800,100,3,,,2,2,24000800,100,600
14250114,三环套月,-1,1,hurt,1,314#414#514#614#714#814#914,120,280,1,1,14210200,0,2000,1800,100,3,,,2,2,24000800,100,600
14250115,三环套月,-1,1,hurt,1,314#414#514#614#714#814#914,120,280,1,1,14210200,0,2000,1800,100,3,,,2,2,24000800,100,600
14250201,横空出世,0,1,hurt,1,324#424#524#624#724#824#924,120,280,1,1,14210200,0,2000,1800,100,3,,,2,2,34000800,100,650
14250202,横空出世,0,1,hurt,1,324#424#524#624#724#824#924,120,280,1,1,14210200,0,2000,1800,100,3,,,2,2,34000800,100,650
14250203,横空出世,0,1,hurt,1,324#424#524#624#724#824#924,120,280,1,1,14210200,0,2000,1800,100,3,,,2,2,34000800,100,650
14250204,横空出世,0,1,hurt,1,324#424#524#624#724#824#924,120,280,1,1,14210200,0,2000,1800,100,3,,,2,2,34000800,100,650
14250205,横空出世,0,1,hurt,1,324#424#524#624#724#824#924,120,280,1,1,14210200,0,2000,1800,100,3,,,2,2,34000800,100,650
14250206,横空出世,0,1,hurt,1,324#424#524#624#724#824#924,120,280,1,1,14210200,0,2000,1800,100,3,,,2,2,34000800,100,650
14250207,横空出世,0,1,hurt,1,324#424#524#624#724#824#924,120,280,1,1,14210200,0,2000,1800,100,3,,,2,2,34000800,100,650
14250208,横空出世,0,1,hurt,1,324#424#524#624#724#824#924,120,280,1,1,14210200,0,2000,1800,100,3,,,2,2,34000800,100,650
14250209,横空出世,0,1,hurt,1,324#424#524#624#724#824#924,120,280,1,1,14210200,0,2000,1800,100,3,,,2,2,34000800,100,650
14250210,横空出世,-1,1,hurt,1,324#424#524#624#724#824#924,120,280,1,1,14210200,0,2000,1800,100,3,,,2,2,34000800,100,650
14250211,横空出世,-1,1,hurt,1,324#424#524#624#724#824#924,120,280,1,1,14210200,0,2000,1800,100,3,,,2,2,34000800,100,650
14250212,横空出世,-1,1,hurt,1,324#424#524#624#724#824#924,120,280,1,1,14210200,0,2000,1800,100,3,,,2,2,34000800,100,650
14250213,横空出世,-1,1,hurt,1,324#424#524#624#724#824#924,120,280,1,1,14210200,0,2000,1800,100,3,,,2,2,34000800,100,650
14250214,横空出世,-1,1,hurt,1,324#424#524#624#724#824#924,120,280,1,1,14210200,0,2000,1800,100,3,,,2,2,34000800,100,650
14250215,横空出世,-1,1,hurt,1,324#424#524#624#724#824#924,120,280,1,1,14210200,0,2000,1800,100,3,,,2,2,34000800,100,650
14260101,紫雷降魔,0,1,hurt,1,314#414#514#614#714#814#914,130,300,1,0,,0,2000,1800,100,1,,,2,3,24000900,100,700
14260102,紫雷降魔,0,1,hurt,1,314#414#514#614#714#814#914,130,300,1,0,,0,2000,1800,100,1,,,2,3,24000900,100,700
14260103,紫雷降魔,0,1,hurt,1,314#414#514#614#714#814#914,130,300,1,0,,0,2000,1800,100,1,,,2,3,24000900,100,700
14260104,紫雷降魔,0,1,hurt,1,314#414#514#614#714#814#914,130,300,1,0,,0,2000,1800,100,1,,,2,3,24000900,100,700
14260105,紫雷降魔,0,1,hurt,1,314#414#514#614#714#814#914,130,300,1,0,,0,2000,1800,100,1,,,2,3,24000900,100,700
14260106,紫雷降魔,0,1,hurt,1,314#414#514#614#714#814#914,130,300,1,0,,0,2000,1800,100,1,,,2,3,24000900,100,700
14260107,紫雷降魔,0,1,hurt,1,314#414#514#614#714#814#914,130,300,1,0,,0,2000,1800,100,1,,,2,3,24000900,100,700
14260108,紫雷降魔,0,1,hurt,1,314#414#514#614#714#814#914,130,300,1,0,,0,2000,1800,100,1,,,2,3,24000900,100,700
14260109,紫雷降魔,0,1,hurt,1,314#414#514#614#714#814#914,130,300,1,0,,0,2000,1800,100,1,,,2,3,24000900,100,700
14260110,紫雷降魔,-1,1,hurt,1,314#414#514#614#714#814#914,130,300,1,0,,0,2000,1800,100,1,,,2,3,24000900,100,700
14260111,紫雷降魔,-1,1,hurt,1,314#414#514#614#714#814#914,130,300,1,0,,0,2000,1800,100,1,,,2,3,24000900,100,700
14260112,紫雷降魔,-1,1,hurt,1,314#414#514#614#714#814#914,130,300,1,0,,0,2000,1800,100,1,,,2,3,24000900,100,700
14260113,紫雷降魔,-1,1,hurt,1,314#414#514#614#714#814#914,130,300,1,0,,0,2000,1800,100,1,,,2,3,24000900,100,700
14260114,紫雷降魔,-1,1,hurt,1,314#414#514#614#714#814#914,130,300,1,0,,0,2000,1800,100,1,,,2,3,24000900,100,700
14260115,紫雷降魔,-1,1,hurt,1,314#414#514#614#714#814#914,130,300,1,0,,0,2000,1800,100,1,,,2,3,24000900,100,700
14260201,凤焰烈世,0,1,hurt,1,324#424#524#624#724#824#924,130,300,1,0,,0,2000,1800,100,1,,,2,3,34000900,100,690
14260202,凤焰烈世,0,1,hurt,1,324#424#524#624#724#824#924,130,300,1,0,,0,2000,1800,100,1,,,2,3,34000900,100,690
14260203,凤焰烈世,0,1,hurt,1,324#424#524#624#724#824#924,130,300,1,0,,0,2000,1800,100,1,,,2,3,34000900,100,690
14260204,凤焰烈世,0,1,hurt,1,324#424#524#624#724#824#924,130,300,1,0,,0,2000,1800,100,1,,,2,3,34000900,100,690
14260205,凤焰烈世,0,1,hurt,1,324#424#524#624#724#824#924,130,300,1,0,,0,2000,1800,100,1,,,2,3,34000900,100,690
14260206,凤焰烈世,0,1,hurt,1,324#424#524#624#724#824#924,130,300,1,0,,0,2000,1800,100,1,,,2,3,34000900,100,690
14260207,凤焰烈世,0,1,hurt,1,324#424#524#624#724#824#924,130,300,1,0,,0,2000,1800,100,1,,,2,3,34000900,100,690
14260208,凤焰烈世,0,1,hurt,1,324#424#524#624#724#824#924,130,300,1,0,,0,2000,1800,100,1,,,2,3,34000900,100,690
14260209,凤焰烈世,0,1,hurt,1,324#424#524#624#724#824#924,130,300,1,0,,0,2000,1800,100,1,,,2,3,34000900,100,690
14260210,凤焰烈世,-1,1,hurt,1,324#424#524#624#724#824#924,130,300,1,0,,0,2000,1800,100,1,,,2,3,34000900,100,690
14260211,凤焰烈世,-1,1,hurt,1,324#424#524#624#724#824#924,130,300,1,0,,0,2000,1800,100,1,,,2,3,34000900,100,690
14260212,凤焰烈世,-1,1,hurt,1,324#424#524#624#724#824#924,130,300,1,0,,0,2000,1800,100,1,,,2,3,34000900,100,690
14260213,凤焰烈世,-1,1,hurt,1,324#424#524#624#724#824#924,130,300,1,0,,0,2000,1800,100,1,,,2,3,34000900,100,690
14260214,凤焰烈世,-1,1,hurt,1,324#424#524#624#724#824#924,130,300,1,0,,0,2000,1800,100,1,,,2,3,34000900,100,690
14260215,凤焰烈世,-1,1,hurt,1,324#424#524#624#724#824#924,130,300,1,0,,0,2000,1800,100,1,,,2,3,34000900,100,690
14270101,天雷震世,0,1,hurt,1,314#414#514#614#714#814#914,130,320,1,1,14210200,0,2000,1800,100,3,,,2,3,24000900,100,700
14270102,天雷震世,0,1,hurt,1,314#414#514#614#714#814#914,130,320,1,1,14210200,0,2000,1800,100,3,,,2,3,24000900,100,700
14270103,天雷震世,0,1,hurt,1,314#414#514#614#714#814#914,130,320,1,1,14210200,0,2000,1800,100,3,,,2,3,24000900,100,700
14270104,天雷震世,0,1,hurt,1,314#414#514#614#714#814#914,130,320,1,1,14210200,0,2000,1800,100,3,,,2,3,24000900,100,700
14270105,天雷震世,0,1,hurt,1,314#414#514#614#714#814#914,130,320,1,1,14210200,0,2000,1800,100,3,,,2,3,24000900,100,700
14270106,天雷震世,0,1,hurt,1,314#414#514#614#714#814#914,130,320,1,1,14210200,0,2000,1800,100,3,,,2,3,24000900,100,700
14270107,天雷震世,0,1,hurt,1,314#414#514#614#714#814#914,130,320,1,1,14210200,0,2000,1800,100,3,,,2,3,24000900,100,700
14270108,天雷震世,0,1,hurt,1,314#414#514#614#714#814#914,130,320,1,1,14210200,0,2000,1800,100,3,,,2,3,24000900,100,700
14270109,天雷震世,0,1,hurt,1,314#414#514#614#714#814#914,130,320,1,1,14210200,0,2000,1800,100,3,,,2,3,24000900,100,700
14270110,天雷震世,-1,1,hurt,1,314#414#514#614#714#814#914,130,320,1,1,14210200,0,2000,1800,100,3,,,2,3,24000900,100,700
14270111,天雷震世,-1,1,hurt,1,314#414#514#614#714#814#914,130,320,1,1,14210200,0,2000,1800,100,3,,,2,3,24000900,100,700
14270112,天雷震世,-1,1,hurt,1,314#414#514#614#714#814#914,130,320,1,1,14210200,0,2000,1800,100,3,,,2,3,24000900,100,700
14270113,天雷震世,-1,1,hurt,1,314#414#514#614#714#814#914,130,320,1,1,14210200,0,2000,1800,100,3,,,2,3,24000900,100,700
14270114,天雷震世,-1,1,hurt,1,314#414#514#614#714#814#914,130,320,1,1,14210200,0,2000,1800,100,3,,,2,3,24000900,100,700
14270115,天雷震世,-1,1,hurt,1,314#414#514#614#714#814#914,130,320,1,1,14210200,0,2000,1800,100,3,,,2,3,24000900,100,700
14270201,天火灭世,0,1,hurt,1,324#424#524#624#724#824#924,130,320,1,1,14210200,0,2000,1800,100,3,,,2,3,34000900,100,700
14270202,天火灭世,0,1,hurt,1,324#424#524#624#724#824#924,130,320,1,1,14210200,0,2000,1800,100,3,,,2,3,34000900,100,700
14270203,天火灭世,0,1,hurt,1,324#424#524#624#724#824#924,130,320,1,1,14210200,0,2000,1800,100,3,,,2,3,34000900,100,700
14270204,天火灭世,0,1,hurt,1,324#424#524#624#724#824#924,130,320,1,1,14210200,0,2000,1800,100,3,,,2,3,34000900,100,700
14270205,天火灭世,0,1,hurt,1,324#424#524#624#724#824#924,130,320,1,1,14210200,0,2000,1800,100,3,,,2,3,34000900,100,700
14270206,天火灭世,0,1,hurt,1,324#424#524#624#724#824#924,130,320,1,1,14210200,0,2000,1800,100,3,,,2,3,34000900,100,700
14270207,天火灭世,0,1,hurt,1,324#424#524#624#724#824#924,130,320,1,1,14210200,0,2000,1800,100,3,,,2,3,34000900,100,700
14270208,天火灭世,0,1,hurt,1,324#424#524#624#724#824#924,130,320,1,1,14210200,0,2000,1800,100,3,,,2,3,34000900,100,700
14270209,天火灭世,0,1,hurt,1,324#424#524#624#724#824#924,130,320,1,1,14210200,0,2000,1800,100,3,,,2,3,34000900,100,700
14270210,天火灭世,-1,1,hurt,1,324#424#524#624#724#824#924,130,320,1,1,14210200,0,2000,1800,100,3,,,2,3,34000900,100,700
14270211,天火灭世,-1,1,hurt,1,324#424#524#624#724#824#924,130,320,1,1,14210200,0,2000,1800,100,3,,,2,3,34000900,100,700
14270212,天火灭世,-1,1,hurt,1,324#424#524#624#724#824#924,130,320,1,1,14210200,0,2000,1800,100,3,,,2,3,34000900,100,700
14270213,天火灭世,-1,1,hurt,1,324#424#524#624#724#824#924,130,320,1,1,14210200,0,2000,1800,100,3,,,2,3,34000900,100,700
14270214,天火灭世,-1,1,hurt,1,324#424#524#624#724#824#924,130,320,1,1,14210200,0,2000,1800,100,3,,,2,3,34000900,100,700
14270215,天火灭世,-1,1,hurt,1,324#424#524#624#724#824#924,130,320,1,1,14210200,0,2000,1800,100,3,,,2,3,34000900,100,700
15010101,绝影掌法,-1,1,hurt,1,105#205#315#325#415#425#515#525#615#625#715#725#815#825#915#925,10,10,1,0,,0,2000,1800,100,1,,,5,1,15000100,100,1100
15040101,青阳寒天,-1,1,hurt,1,315#415#515#615#715#815#915,35,20,1,0,,0,2000,1800,100,1,,,5,2,25000100,100,1000
15040201,北冥凝血,-1,1,hurt,1,325#425#525#625#725#825#925,35,20,1,0,,0,2000,1800,100,1,,,5,2,35000100,100,1000
15050101,青阳破天,-1,1,hurt,1,315#415#515#615#715#815#915,45,30,1,0,,0,2000,1800,100,1,,,3,2,25000100,100,1000
15050201,北冥夺魄,-1,1,hurt,1,325#425#525#625#725#825#925,45,30,1,0,,0,2000,1800,100,1,,,3,2,35000100,100,1000
15060101,青阳乱天,-1,1,hurt,1,315#415#515#615#715#815#915,55,40,1,0,,0,2000,1800,100,1,,,2,2,25000100,25#35#40,800
15060201,北冥破心,-1,1,hurt,1,325#425#525#625#725#825#925,55,40,1,0,,0,2000,1800,100,1,,,2,2,35000100,25#35#40,1300
15070101,金掌敌虎,-1,1,hurt,1,315#415#515#615#715#815#915,60,50,1,0,,0,2000,1800,100,1,,,5,3,25000200,100,1200
15070201,独尊移山,-1,1,hurt,1,325#425#525#625#725#825#925,60,50,1,0,,0,2000,1800,100,1,,,5,3,35000200,100,1000
15080101,金掌破凰,-1,1,hurt,1,315#415#515#615#715#815#915,64,60,1,0,,0,2000,1800,100,1,,,5,3,25000200,100,1200
15080201,独尊填海,-1,1,hurt,1,325#425#525#625#725#825#925,64,60,1,0,,0,2000,1800,100,1,,,5,3,35000200,100,1000
15090101,金掌绝龙,-1,1,hurt,1,315#415#515#615#715#815#915,68,70,1,0,,0,2000,1800,100,1,,,5,3,25000200,100,1200
15090201,独尊熔金,-1,1,hurt,1,325#425#525#625#725#825#925,68,70,1,0,,0,2000,1800,100,1,,,5,3,35000200,100,1000
15100101,泰山压顶,-1,1,hurt,1,315#415#515#615#715#815#915,71,80,1,0,,0,2000,1800,100,1,,,5,4,25000300,100,1300
15100201,迷魂聚气,-1,1,hurt,1,325#425#525#625#725#825#925,71,80,1,0,,0,2000,1800,100,1,,,5,4,35000300,100,1000
15110101,泰山尊威,-1,1,hurt,1,315#415#515#615#715#815#915,74,90,1,0,,0,2000,1800,100,1,,,5,4,25000300,100,1300
15110102,真·泰山尊威,-1,1,hurt,1,315#415#515#615#715#815#915,74,90,1,0,,0,2000,1800,100,1,,,5,4,25000300,100,1300
15110201,迷魂震裂,-1,1,hurt,1,325#425#525#625#725#825#925,74,90,1,0,,0,2000,1800,100,1,,,5,4,35000300,100,1200
15110202,真·迷魂震裂,-1,1,hurt,1,325#425#525#625#725#825#925,74,90,1,0,,0,2000,1800,100,1,,,5,4,35000300,100,1200
15120101,泰山绝顶,-1,1,hurt,1,315#415#515#615#715#815#915,77,100,1,0,,0,2000,1800,100,1,,,5,4,25000300,25#35#40,800
15120102,真·泰山绝顶,-1,1,hurt,1,315#415#515#615#715#815#915,77,100,1,1,15120100,0,2000,1800,100,3,,,5,4,25000300,25#35#40,800
15120201,迷魂追魄,-1,1,hurt,1,325#425#525#625#725#825#925,77,100,1,0,,0,2000,1800,100,1,,,5,4,35000300,25#35#40,1000
15120202,真·迷魂追魄,-1,1,hurt,1,325#425#525#625#725#825#925,77,100,1,1,15120200,0,2000,1800,100,3,,,5,4,35000300,25#35#40,1000
15130101,排山倒海,-1,1,hurt,1,315#415#515#615#715#815#915,80,115,1,0,,0,2000,1800,100,1,,,5,5,25000400,100,1000
15130201,群魔乱舞,-1,1,hurt,1,325#425#525#625#725#825#925,80,115,1,0,,0,2000,1800,100,1,,,5,5,35000400,100,1000
15140101,碧波开天,-1,1,hurt,1,315#415#515#615#715#815#915,84,130,1,0,,0,2000,1800,100,1,,,5,5,25000400,100,1000
15140102,真·碧波开天,-1,1,hurt,1,315#415#515#615#715#815#915,84,130,1,0,,0,2000,1800,100,1,,,5,5,25000400,100,1000
15140201,血海飘香,-1,1,hurt,1,325#425#525#625#725#825#925,84,130,1,0,,0,2000,1800,100,1,,,5,5,35000400,100,1000
15140202,真·血海飘香,-1,1,hurt,1,325#425#525#625#725#825#925,84,130,1,0,,0,2000,1800,100,1,,,5,5,35000400,100,1000
15150101,九天狂澜,-1,1,hurt,1,315#415#515#615#715#815#915,88,145,1,0,,0,2000,1800,100,1,,,5,5,25000400,100,1000
15150102,真·九天狂澜,-1,1,hurt,1,315#415#515#615#715#815#915,88,145,1,1,15150100,0,2000,1800,100,3,,,5,5,25000400,100,1000
15150201,只手遮天,-1,1,hurt,1,325#425#525#625#725#825#925,88,145,1,0,,0,2000,1800,100,1,,,5,5,35000400,100,1000
15150202,真·只手遮天,-1,1,hurt,1,325#425#525#625#725#825#925,88,145,1,1,15150200,0,2000,1800,100,3,,,5,5,35000400,100,1000
15160101,漫天风雪,-1,1,hurt,1,315#415#515#615#715#815#915,91,180,1,0,,0,2000,1800,100,1,,,5,6,25000500,25#35#40,1000
15160201,狂狮吞天,-1,1,hurt,1,325#425#525#625#725#825#925,91,180,1,0,,0,2000,1800,100,1,,,5,6,35000500,25#35#40,1000
15170101,雪舞狂杀,-1,1,hurt,1,315#415#515#615#715#815#915,94,200,1,0,,0,2000,1800,100,1,,,5,6,25000500,25#35#40,1000
15170102,真·雪舞狂杀,-1,1,hurt,1,315#415#515#615#715#815#915,94,200,1,0,,0,2000,1800,100,1,,,5,6,25000500,25#35#40,1000
15170201,怒焰焚天,-1,1,hurt,1,325#425#525#625#725#825#925,94,200,1,0,,0,2000,1800,100,1,,,5,6,35000500,25#35#40,1000
15170202,真·怒焰焚天,-1,1,hurt,1,325#425#525#625#725#825#925,94,200,1,0,,0,2000,1800,100,1,,,5,6,35000500,25#35#40,1000
15180101,雪舞霜龙破,-1,1,hurt,1,315#415#515#615#715#815#915,97,220,1,0,,0,2000,1800,100,1,,,5,6,25000500,25#35#40,1000
15180102,真·雪舞霜龙破,-1,1,hurt,1,315#415#515#615#715#815#915,97,220,1,1,15180100,0,2000,1800,100,3,,,5,6,25000500,25#35#40,1000
15180201,天火燎原,-1,1,hurt,1,325#425#525#625#725#825#925,97,220,1,0,,0,2000,1800,100,1,,,5,6,35000500,25#35#40,1000
15180202,真·天火燎原,-1,1,hurt,1,325#425#525#625#725#825#925,97,220,1,1,15180200,0,2000,1800,100,3,,,5,6,35000500,25#35#40,1000
15190101,雷鸣动天,-1,1,hurt,1,315#415#515#615#715#815#915,100,240,1,0,,0,2000,1800,100,1,,,5,7,25000600,25#35#40,1000
15190201,嗜血寒沙,-1,1,hurt,1,325#425#525#625#725#825#925,100,240,1,0,,0,2000,1800,100,1,,,5,7,35000600,25#35#40,1000
15200101,惊雷初现,-1,1,hurt,1,315#415#515#615#715#815#915,104,260,1,0,,0,2000,1800,100,1,,,5,7,25000600,40#60,1000
15200102,真·惊雷初现,-1,1,hurt,1,315#415#515#615#715#815#915,104,260,1,0,,0,2000,1800,100,1,,,5,7,25000600,40#60,1000
15200201,满天沙舞,-1,1,hurt,1,325#425#525#625#725#825#925,104,260,1,0,,0,2000,1800,100,1,,,5,7,35000600,40#60,1000
15200202,真·满天沙舞,-1,1,hurt,1,325#425#525#625#725#825#925,104,260,1,0,,0,2000,1800,100,1,,,5,7,35000600,40#60,1000
15210101,惊雷裂空,-1,1,hurt,1,315#415#515#615#715#815#915,108,280,1,0,,0,2000,1800,100,1,,,5,7,25000600,100,1000
15210102,真·惊雷裂空,-1,1,hurt,1,315#415#515#615#715#815#915,108,280,1,1,15210100,0,2000,1800,100,3,,,5,7,25000600,100,1000
15210201,寒沙蔽日,-1,1,hurt,1,325#425#525#625#725#825#925,108,280,1,0,,0,2000,1800,100,1,,,5,7,35000600,100,1000
15210202,真·寒沙蔽日,-1,1,hurt,1,325#425#525#625#725#825#925,108,280,1,1,15210200,0,2000,1800,100,3,,,5,7,35000600,100,1000
15220101,鸾鸢破天翔,0,1,hurt,1,315#415#515#615#715#815#915,115,300,1,0,,0,2000,1800,100,1,,,5,1,25000700,40#60,500
15220102,鸾鸢破天翔,0,1,hurt,1,315#415#515#615#715#815#915,115,300,1,0,,0,2000,1800,100,1,,,5,1,25000700,40#60,500
15220103,鸾鸢破天翔,0,1,hurt,1,315#415#515#615#715#815#915,115,300,1,0,,0,2000,1800,100,1,,,5,1,25000700,40#60,500
15220104,鸾鸢破天翔,0,1,hurt,1,315#415#515#615#715#815#915,115,300,1,0,,0,2000,1800,100,1,,,5,1,25000700,40#60,500
15220105,鸾鸢破天翔,0,1,hurt,1,315#415#515#615#715#815#915,115,300,1,0,,0,2000,1800,100,1,,,5,1,25000700,40#60,500
15220106,鸾鸢破天翔,0,1,hurt,1,315#415#515#615#715#815#915,115,300,1,0,,0,2000,1800,100,1,,,5,1,25000700,40#60,500
15220107,鸾鸢破天翔,0,1,hurt,1,315#415#515#615#715#815#915,115,300,1,0,,0,2000,1800,100,1,,,5,1,25000700,40#60,500
15220108,鸾鸢破天翔,0,1,hurt,1,315#415#515#615#715#815#915,115,300,1,0,,0,2000,1800,100,1,,,5,1,25000700,40#60,500
15220109,鸾鸢破天翔,0,1,hurt,1,315#415#515#615#715#815#915,115,300,1,0,,0,2000,1800,100,1,,,5,1,25000700,40#60,500
15220110,鸾鸢破天翔,-1,1,hurt,1,315#415#515#615#715#815#915,115,300,1,0,,0,2000,1800,100,1,,,5,1,25000700,40#60,500
15220111,鸾鸢破天翔,-1,1,hurt,1,315#415#515#615#715#815#915,115,300,1,0,,0,2000,1800,100,1,,,5,1,25000700,40#60,500
15220112,鸾鸢破天翔,-1,1,hurt,1,315#415#515#615#715#815#915,115,300,1,0,,0,2000,1800,100,1,,,5,1,25000700,40#60,500
15220113,鸾鸢破天翔,-1,1,hurt,1,315#415#515#615#715#815#915,115,300,1,0,,0,2000,1800,100,1,,,5,1,25000700,40#60,500
15220114,鸾鸢破天翔,-1,1,hurt,1,315#415#515#615#715#815#915,115,300,1,0,,0,2000,1800,100,1,,,5,1,25000700,40#60,500
15220115,鸾鸢破天翔,-1,1,hurt,1,315#415#515#615#715#815#915,115,300,1,0,,0,2000,1800,100,1,,,5,1,25000700,40#60,500
15220201,幽殃降天煞,0,1,hurt,1,325#425#525#625#725#825#925,115,300,1,0,,0,2000,1800,100,1,,,5,1,35000700,40#60,650
15220202,幽殃降天煞,0,1,hurt,1,325#425#525#625#725#825#925,115,300,1,0,,0,2000,1800,100,1,,,5,1,35000700,40#60,650
15220203,幽殃降天煞,0,1,hurt,1,325#425#525#625#725#825#925,115,300,1,0,,0,2000,1800,100,1,,,5,1,35000700,40#60,650
15220204,幽殃降天煞,0,1,hurt,1,325#425#525#625#725#825#925,115,300,1,0,,0,2000,1800,100,1,,,5,1,35000700,40#60,650
15220205,幽殃降天煞,0,1,hurt,1,325#425#525#625#725#825#925,115,300,1,0,,0,2000,1800,100,1,,,5,1,35000700,40#60,650
15220206,幽殃降天煞,0,1,hurt,1,325#425#525#625#725#825#925,115,300,1,0,,0,2000,1800,100,1,,,5,1,35000700,40#60,650
15220207,幽殃降天煞,0,1,hurt,1,325#425#525#625#725#825#925,115,300,1,0,,0,2000,1800,100,1,,,5,1,35000700,40#60,650
15220208,幽殃降天煞,0,1,hurt,1,325#425#525#625#725#825#925,115,300,1,0,,0,2000,1800,100,1,,,5,1,35000700,40#60,650
15220209,幽殃降天煞,0,1,hurt,1,325#425#525#625#725#825#925,115,300,1,0,,0,2000,1800,100,1,,,5,1,35000700,40#60,650
15220210,幽殃降天煞,-1,1,hurt,1,325#425#525#625#725#825#925,115,300,1,0,,0,2000,1800,100,1,,,5,1,35000700,40#60,650
15220211,幽殃降天煞,-1,1,hurt,1,325#425#525#625#725#825#925,115,300,1,0,,0,2000,1800,100,1,,,5,1,35000700,40#60,650
15220212,幽殃降天煞,-1,1,hurt,1,325#425#525#625#725#825#925,115,300,1,0,,0,2000,1800,100,1,,,5,1,35000700,40#60,650
15220213,幽殃降天煞,-1,1,hurt,1,325#425#525#625#725#825#925,115,300,1,0,,0,2000,1800,100,1,,,5,1,35000700,40#60,650
15220214,幽殃降天煞,-1,1,hurt,1,325#425#525#625#725#825#925,115,300,1,0,,0,2000,1800,100,1,,,5,1,35000700,40#60,650
15220215,幽殃降天煞,-1,1,hurt,1,325#425#525#625#725#825#925,115,300,1,0,,0,2000,1800,100,1,,,5,1,35000700,40#60,650
15230101,翱鹏斩天翔,0,1,hurt,1,315#415#515#615#715#815#915,115,320,1,1,15210200,0,2000,1800,100,3,,,5,1,25000700,100,1000
15230102,翱鹏斩天翔,0,1,hurt,1,315#415#515#615#715#815#915,115,320,1,1,15210200,0,2000,1800,100,3,,,5,1,25000700,100,1000
15230103,翱鹏斩天翔,0,1,hurt,1,315#415#515#615#715#815#915,115,320,1,1,15210200,0,2000,1800,100,3,,,5,1,25000700,100,1000
15230104,翱鹏斩天翔,0,1,hurt,1,315#415#515#615#715#815#915,115,320,1,1,15210200,0,2000,1800,100,3,,,5,1,25000700,100,1000
15230105,翱鹏斩天翔,0,1,hurt,1,315#415#515#615#715#815#915,115,320,1,1,15210200,0,2000,1800,100,3,,,5,1,25000700,100,1000
15230106,翱鹏斩天翔,0,1,hurt,1,315#415#515#615#715#815#915,115,320,1,1,15210200,0,2000,1800,100,3,,,5,1,25000700,100,1000
15230107,翱鹏斩天翔,0,1,hurt,1,315#415#515#615#715#815#915,115,320,1,1,15210200,0,2000,1800,100,3,,,5,1,25000700,100,1000
15230108,翱鹏斩天翔,0,1,hurt,1,315#415#515#615#715#815#915,115,320,1,1,15210200,0,2000,1800,100,3,,,5,1,25000700,100,1000
15230109,翱鹏斩天翔,0,1,hurt,1,315#415#515#615#715#815#915,115,320,1,1,15210200,0,2000,1800,100,3,,,5,1,25000700,100,1000
15230110,翱鹏斩天翔,-1,1,hurt,1,315#415#515#615#715#815#915,115,320,1,1,15210200,0,2000,1800,100,3,,,5,1,25000700,100,1000
15230111,翱鹏斩天翔,-1,1,hurt,1,315#415#515#615#715#815#915,115,320,1,1,15210200,0,2000,1800,100,3,,,5,1,25000700,100,1000
15230112,翱鹏斩天翔,-1,1,hurt,1,315#415#515#615#715#815#915,115,320,1,1,15210200,0,2000,1800,100,3,,,5,1,25000700,100,1000
15230113,翱鹏斩天翔,-1,1,hurt,1,315#415#515#615#715#815#915,115,320,1,1,15210200,0,2000,1800,100,3,,,5,1,25000700,100,1000
15230114,翱鹏斩天翔,-1,1,hurt,1,315#415#515#615#715#815#915,115,320,1,1,15210200,0,2000,1800,100,3,,,5,1,25000700,100,1000
15230115,翱鹏斩天翔,-1,1,hurt,1,315#415#515#615#715#815#915,115,320,1,1,15210200,0,2000,1800,100,3,,,5,1,25000700,100,1000
15230201,极虹顶天煞,0,1,hurt,1,325#425#525#625#725#825#925,115,320,1,1,15210200,0,2000,1800,100,3,,,5,1,35000700,100,700
15230202,极虹顶天煞,0,1,hurt,1,325#425#525#625#725#825#925,115,320,1,1,15210200,0,2000,1800,100,3,,,5,1,35000700,100,700
15230203,极虹顶天煞,0,1,hurt,1,325#425#525#625#725#825#925,115,320,1,1,15210200,0,2000,1800,100,3,,,5,1,35000700,100,700
15230204,极虹顶天煞,0,1,hurt,1,325#425#525#625#725#825#925,115,320,1,1,15210200,0,2000,1800,100,3,,,5,1,35000700,100,700
15230205,极虹顶天煞,0,1,hurt,1,325#425#525#625#725#825#925,115,320,1,1,15210200,0,2000,1800,100,3,,,5,1,35000700,100,700
15230206,极虹顶天煞,0,1,hurt,1,325#425#525#625#725#825#925,115,320,1,1,15210200,0,2000,1800,100,3,,,5,1,35000700,100,700
15230207,极虹顶天煞,0,1,hurt,1,325#425#525#625#725#825#925,115,320,1,1,15210200,0,2000,1800,100,3,,,5,1,35000700,100,700
15230208,极虹顶天煞,0,1,hurt,1,325#425#525#625#725#825#925,115,320,1,1,15210200,0,2000,1800,100,3,,,5,1,35000700,100,700
15230209,极虹顶天煞,0,1,hurt,1,325#425#525#625#725#825#925,115,320,1,1,15210200,0,2000,1800,100,3,,,5,1,35000700,100,700
15230210,极虹顶天煞,-1,1,hurt,1,325#425#525#625#725#825#925,115,320,1,1,15210200,0,2000,1800,100,3,,,5,1,35000700,100,700
15230211,极虹顶天煞,-1,1,hurt,1,325#425#525#625#725#825#925,115,320,1,1,15210200,0,2000,1800,100,3,,,5,1,35000700,100,700
15230212,极虹顶天煞,-1,1,hurt,1,325#425#525#625#725#825#925,115,320,1,1,15210200,0,2000,1800,100,3,,,5,1,35000700,100,700
15230213,极虹顶天煞,-1,1,hurt,1,325#425#525#625#725#825#925,115,320,1,1,15210200,0,2000,1800,100,3,,,5,1,35000700,100,700
15230214,极虹顶天煞,-1,1,hurt,1,325#425#525#625#725#825#925,115,320,1,1,15210200,0,2000,1800,100,3,,,5,1,35000700,100,700
15230215,极虹顶天煞,-1,1,hurt,1,325#425#525#625#725#825#925,115,320,1,1,15210200,0,2000,1800,100,3,,,5,1,35000700,100,700
15240101,白云出岫,0,1,hurt,1,315#415#515#615#715#815#915,120,340,1,0,,0,2000,1800,100,1,,,5,2,25000800,100,1000
15240102,白云出岫,0,1,hurt,1,315#415#515#615#715#815#915,120,340,1,0,,0,2000,1800,100,1,,,5,2,25000800,100,1000
15240103,白云出岫,0,1,hurt,1,315#415#515#615#715#815#915,120,340,1,0,,0,2000,1800,100,1,,,5,2,25000800,100,1000
15240104,白云出岫,0,1,hurt,1,315#415#515#615#715#815#915,120,340,1,0,,0,2000,1800,100,1,,,5,2,25000800,100,1000
15240105,白云出岫,0,1,hurt,1,315#415#515#615#715#815#915,120,340,1,0,,0,2000,1800,100,1,,,5,2,25000800,100,1000
15240106,白云出岫,0,1,hurt,1,315#415#515#615#715#815#915,120,340,1,0,,0,2000,1800,100,1,,,5,2,25000800,100,1000
15240107,白云出岫,0,1,hurt,1,315#415#515#615#715#815#915,120,340,1,0,,0,2000,1800,100,1,,,5,2,25000800,100,1000
15240108,白云出岫,0,1,hurt,1,315#415#515#615#715#815#915,120,340,1,0,,0,2000,1800,100,1,,,5,2,25000800,100,1000
15240109,白云出岫,0,1,hurt,1,315#415#515#615#715#815#915,120,340,1,0,,0,2000,1800,100,1,,,5,2,25000800,100,1000
15240110,白云出岫,-1,1,hurt,1,315#415#515#615#715#815#915,120,340,1,0,,0,2000,1800,100,1,,,5,2,25000800,100,1000
15240111,白云出岫,-1,1,hurt,1,315#415#515#615#715#815#915,120,340,1,0,,0,2000,1800,100,1,,,5,2,25000800,100,1000
15240112,白云出岫,-1,1,hurt,1,315#415#515#615#715#815#915,120,340,1,0,,0,2000,1800,100,1,,,5,2,25000800,100,1000
15240113,白云出岫,-1,1,hurt,1,315#415#515#615#715#815#915,120,340,1,0,,0,2000,1800,100,1,,,5,2,25000800,100,1000
15240114,白云出岫,-1,1,hurt,1,315#415#515#615#715#815#915,120,340,1,0,,0,2000,1800,100,1,,,5,2,25000800,100,1000
15240115,白云出岫,-1,1,hurt,1,315#415#515#615#715#815#915,120,340,1,0,,0,2000,1800,100,1,,,5,2,25000800,100,1000
15240201,一扫千骑,0,1,hurt,1,325#425#525#625#725#825#925,120,340,1,0,,0,2000,1800,100,1,,,5,2,35000800,100,900
15240202,一扫千骑,0,1,hurt,1,325#425#525#625#725#825#925,120,340,1,0,,0,2000,1800,100,1,,,5,2,35000800,100,900
15240203,一扫千骑,0,1,hurt,1,325#425#525#625#725#825#925,120,340,1,0,,0,2000,1800,100,1,,,5,2,35000800,100,900
15240204,一扫千骑,0,1,hurt,1,325#425#525#625#725#825#925,120,340,1,0,,0,2000,1800,100,1,,,5,2,35000800,100,900
15240205,一扫千骑,0,1,hurt,1,325#425#525#625#725#825#925,120,340,1,0,,0,2000,1800,100,1,,,5,2,35000800,100,900
15240206,一扫千骑,0,1,hurt,1,325#425#525#625#725#825#925,120,340,1,0,,0,2000,1800,100,1,,,5,2,35000800,100,900
15240207,一扫千骑,0,1,hurt,1,325#425#525#625#725#825#925,120,340,1,0,,0,2000,1800,100,1,,,5,2,35000800,100,900
15240208,一扫千骑,0,1,hurt,1,325#425#525#625#725#825#925,120,340,1,0,,0,2000,1800,100,1,,,5,2,35000800,100,900
15240209,一扫千骑,0,1,hurt,1,325#425#525#625#725#825#925,120,340,1,0,,0,2000,1800,100,1,,,5,2,35000800,100,900
15240210,一扫千骑,-1,1,hurt,1,325#425#525#625#725#825#925,120,340,1,0,,0,2000,1800,100,1,,,5,2,35000800,100,900
15240211,一扫千骑,-1,1,hurt,1,325#425#525#625#725#825#925,120,340,1,0,,0,2000,1800,100,1,,,5,2,35000800,100,900
15240212,一扫千骑,-1,1,hurt,1,325#425#525#625#725#825#925,120,340,1,0,,0,2000,1800,100,1,,,5,2,35000800,100,900
15240213,一扫千骑,-1,1,hurt,1,325#425#525#625#725#825#925,120,340,1,0,,0,2000,1800,100,1,,,5,2,35000800,100,900
15240214,一扫千骑,-1,1,hurt,1,325#425#525#625#725#825#925,120,340,1,0,,0,2000,1800,100,1,,,5,2,35000800,100,900
15240215,一扫千骑,-1,1,hurt,1,325#425#525#625#725#825#925,120,340,1,0,,0,2000,1800,100,1,,,5,2,35000800,100,900
15250101,洛神微步,0,1,hurt,1,315#415#515#615#715#815#915,120,360,1,1,15210200,0,2000,1800,100,3,,,5,2,25000800,100,900
15250102,洛神微步,0,1,hurt,1,315#415#515#615#715#815#915,120,360,1,1,15210200,0,2000,1800,100,3,,,5,2,25000800,100,900
15250103,洛神微步,0,1,hurt,1,315#415#515#615#715#815#915,120,360,1,1,15210200,0,2000,1800,100,3,,,5,2,25000800,100,900
15250104,洛神微步,0,1,hurt,1,315#415#515#615#715#815#915,120,360,1,1,15210200,0,2000,1800,100,3,,,5,2,25000800,100,900
15250105,洛神微步,0,1,hurt,1,315#415#515#615#715#815#915,120,360,1,1,15210200,0,2000,1800,100,3,,,5,2,25000800,100,900
15250106,洛神微步,0,1,hurt,1,315#415#515#615#715#815#915,120,360,1,1,15210200,0,2000,1800,100,3,,,5,2,25000800,100,900
15250107,洛神微步,0,1,hurt,1,315#415#515#615#715#815#915,120,360,1,1,15210200,0,2000,1800,100,3,,,5,2,25000800,100,900
15250108,洛神微步,0,1,hurt,1,315#415#515#615#715#815#915,120,360,1,1,15210200,0,2000,1800,100,3,,,5,2,25000800,100,900
15250109,洛神微步,0,1,hurt,1,315#415#515#615#715#815#915,120,360,1,1,15210200,0,2000,1800,100,3,,,5,2,25000800,100,900
15250110,洛神微步,-1,1,hurt,1,315#415#515#615#715#815#915,120,360,1,1,15210200,0,2000,1800,100,3,,,5,2,25000800,100,900
15250111,洛神微步,-1,1,hurt,1,315#415#515#615#715#815#915,120,360,1,1,15210200,0,2000,1800,100,3,,,5,2,25000800,100,900
15250112,洛神微步,-1,1,hurt,1,315#415#515#615#715#815#915,120,360,1,1,15210200,0,2000,1800,100,3,,,5,2,25000800,100,900
15250113,洛神微步,-1,1,hurt,1,315#415#515#615#715#815#915,120,360,1,1,15210200,0,2000,1800,100,3,,,5,2,25000800,100,900
15250114,洛神微步,-1,1,hurt,1,315#415#515#615#715#815#915,120,360,1,1,15210200,0,2000,1800,100,3,,,5,2,25000800,100,900
15250115,洛神微步,-1,1,hurt,1,315#415#515#615#715#815#915,120,360,1,1,15210200,0,2000,1800,100,3,,,5,2,25000800,100,900
15250201,焰莲华盖,0,1,hurt,1,325#425#525#625#725#825#925,120,360,1,1,15210200,0,2000,1800,100,3,,,5,2,35000800,100,1000
15250202,焰莲华盖,0,1,hurt,1,325#425#525#625#725#825#925,120,360,1,1,15210200,0,2000,1800,100,3,,,5,2,35000800,100,1000
15250203,焰莲华盖,0,1,hurt,1,325#425#525#625#725#825#925,120,360,1,1,15210200,0,2000,1800,100,3,,,5,2,35000800,100,1000
15250204,焰莲华盖,0,1,hurt,1,325#425#525#625#725#825#925,120,360,1,1,15210200,0,2000,1800,100,3,,,5,2,35000800,100,1000
15250205,焰莲华盖,0,1,hurt,1,325#425#525#625#725#825#925,120,360,1,1,15210200,0,2000,1800,100,3,,,5,2,35000800,100,1000
15250206,焰莲华盖,0,1,hurt,1,325#425#525#625#725#825#925,120,360,1,1,15210200,0,2000,1800,100,3,,,5,2,35000800,100,1000
15250207,焰莲华盖,0,1,hurt,1,325#425#525#625#725#825#925,120,360,1,1,15210200,0,2000,1800,100,3,,,5,2,35000800,100,1000
15250208,焰莲华盖,0,1,hurt,1,325#425#525#625#725#825#925,120,360,1,1,15210200,0,2000,1800,100,3,,,5,2,35000800,100,1000
15250209,焰莲华盖,0,1,hurt,1,325#425#525#625#725#825#925,120,360,1,1,15210200,0,2000,1800,100,3,,,5,2,35000800,100,1000
15250210,焰莲华盖,-1,1,hurt,1,325#425#525#625#725#825#925,120,360,1,1,15210200,0,2000,1800,100,3,,,5,2,35000800,100,1000
15250211,焰莲华盖,-1,1,hurt,1,325#425#525#625#725#825#925,120,360,1,1,15210200,0,2000,1800,100,3,,,5,2,35000800,100,1000
15250212,焰莲华盖,-1,1,hurt,1,325#425#525#625#725#825#925,120,360,1,1,15210200,0,2000,1800,100,3,,,5,2,35000800,100,1000
15250213,焰莲华盖,-1,1,hurt,1,325#425#525#625#725#825#925,120,360,1,1,15210200,0,2000,1800,100,3,,,5,2,35000800,100,1000
15250214,焰莲华盖,-1,1,hurt,1,325#425#525#625#725#825#925,120,360,1,1,15210200,0,2000,1800,100,3,,,5,2,35000800,100,1000
15250215,焰莲华盖,-1,1,hurt,1,325#425#525#625#725#825#925,120,360,1,1,15210200,0,2000,1800,100,3,,,5,2,35000800,100,1000
15260101,流转星光,0,1,hurt,1,315#415#515#615#715#815#915,130,380,1,0,,0,2000,1800,100,1,,,5,3,25000900,100,1000
15260102,流转星光,0,1,hurt,1,315#415#515#615#715#815#915,130,380,1,0,,0,2000,1800,100,1,,,5,3,25000900,100,1000
15260103,流转星光,0,1,hurt,1,315#415#515#615#715#815#915,130,380,1,0,,0,2000,1800,100,1,,,5,3,25000900,100,1000
15260104,流转星光,0,1,hurt,1,315#415#515#615#715#815#915,130,380,1,0,,0,2000,1800,100,1,,,5,3,25000900,100,1000
15260105,流转星光,0,1,hurt,1,315#415#515#615#715#815#915,130,380,1,0,,0,2000,1800,100,1,,,5,3,25000900,100,1000
15260106,流转星光,0,1,hurt,1,315#415#515#615#715#815#915,130,380,1,0,,0,2000,1800,100,1,,,5,3,25000900,100,1000
15260107,流转星光,0,1,hurt,1,315#415#515#615#715#815#915,130,380,1,0,,0,2000,1800,100,1,,,5,3,25000900,100,1000
15260108,流转星光,0,1,hurt,1,315#415#515#615#715#815#915,130,380,1,0,,0,2000,1800,100,1,,,5,3,25000900,100,1000
15260109,流转星光,0,1,hurt,1,315#415#515#615#715#815#915,130,380,1,0,,0,2000,1800,100,1,,,5,3,25000900,100,1000
15260110,流转星光,-1,1,hurt,1,315#415#515#615#715#815#915,130,380,1,0,,0,2000,1800,100,1,,,5,3,25000900,100,1000
15260111,流转星光,-1,1,hurt,1,315#415#515#615#715#815#915,130,380,1,0,,0,2000,1800,100,1,,,5,3,25000900,100,1000
15260112,流转星光,-1,1,hurt,1,315#415#515#615#715#815#915,130,380,1,0,,0,2000,1800,100,1,,,5,3,25000900,100,1000
15260113,流转星光,-1,1,hurt,1,315#415#515#615#715#815#915,130,380,1,0,,0,2000,1800,100,1,,,5,3,25000900,100,1000
15260114,流转星光,-1,1,hurt,1,315#415#515#615#715#815#915,130,380,1,0,,0,2000,1800,100,1,,,5,3,25000900,100,1000
15260115,流转星光,-1,1,hurt,1,315#415#515#615#715#815#915,130,380,1,0,,0,2000,1800,100,1,,,5,3,25000900,100,1000
15260201,血河涌动,0,1,hurt,1,325#425#525#625#725#825#925,130,380,1,0,,0,2000,1800,100,1,,,5,3,35000900,100,900
15260202,血河涌动,0,1,hurt,1,325#425#525#625#725#825#925,130,380,1,0,,0,2000,1800,100,1,,,5,3,35000900,100,900
15260203,血河涌动,0,1,hurt,1,325#425#525#625#725#825#925,130,380,1,0,,0,2000,1800,100,1,,,5,3,35000900,100,900
15260204,血河涌动,0,1,hurt,1,325#425#525#625#725#825#925,130,380,1,0,,0,2000,1800,100,1,,,5,3,35000900,100,900
15260205,血河涌动,0,1,hurt,1,325#425#525#625#725#825#925,130,380,1,0,,0,2000,1800,100,1,,,5,3,35000900,100,900
15260206,血河涌动,0,1,hurt,1,325#425#525#625#725#825#925,130,380,1,0,,0,2000,1800,100,1,,,5,3,35000900,100,900
15260207,血河涌动,0,1,hurt,1,325#425#525#625#725#825#925,130,380,1,0,,0,2000,1800,100,1,,,5,3,35000900,100,900
15260208,血河涌动,0,1,hurt,1,325#425#525#625#725#825#925,130,380,1,0,,0,2000,1800,100,1,,,5,3,35000900,100,900
15260209,血河涌动,0,1,hurt,1,325#425#525#625#725#825#925,130,380,1,0,,0,2000,1800,100,1,,,5,3,35000900,100,900
15260210,血河涌动,-1,1,hurt,1,325#425#525#625#725#825#925,130,380,1,0,,0,2000,1800,100,1,,,5,3,35000900,100,900
15260211,血河涌动,-1,1,hurt,1,325#425#525#625#725#825#925,130,380,1,0,,0,2000,1800,100,1,,,5,3,35000900,100,900
15260212,血河涌动,-1,1,hurt,1,325#425#525#625#725#825#925,130,380,1,0,,0,2000,1800,100,1,,,5,3,35000900,100,900
15260213,血河涌动,-1,1,hurt,1,325#425#525#625#725#825#925,130,380,1,0,,0,2000,1800,100,1,,,5,3,35000900,100,900
15260214,血河涌动,-1,1,hurt,1,325#425#525#625#725#825#925,130,380,1,0,,0,2000,1800,100,1,,,5,3,35000900,100,900
15260215,血河涌动,-1,1,hurt,1,325#425#525#625#725#825#925,130,380,1,0,,0,2000,1800,100,1,,,5,3,35000900,100,900
15270101,佛法无量,0,1,hurt,1,315#415#515#615#715#815#915,130,400,1,1,15210200,0,2000,1800,100,3,,,5,3,25000900,100,1000
15270102,佛法无量,0,1,hurt,1,315#415#515#615#715#815#915,130,400,1,1,15210200,0,2000,1800,100,3,,,5,3,25000900,100,1000
15270103,佛法无量,0,1,hurt,1,315#415#515#615#715#815#915,130,400,1,1,15210200,0,2000,1800,100,3,,,5,3,25000900,100,1000
15270104,佛法无量,0,1,hurt,1,315#415#515#615#715#815#915,130,400,1,1,15210200,0,2000,1800,100,3,,,5,3,25000900,100,1000
15270105,佛法无量,0,1,hurt,1,315#415#515#615#715#815#915,130,400,1,1,15210200,0,2000,1800,100,3,,,5,3,25000900,100,1000
15270106,佛法无量,0,1,hurt,1,315#415#515#615#715#815#915,130,400,1,1,15210200,0,2000,1800,100,3,,,5,3,25000900,100,1000
15270107,佛法无量,0,1,hurt,1,315#415#515#615#715#815#915,130,400,1,1,15210200,0,2000,1800,100,3,,,5,3,25000900,100,1000
15270108,佛法无量,0,1,hurt,1,315#415#515#615#715#815#915,130,400,1,1,15210200,0,2000,1800,100,3,,,5,3,25000900,100,1000
15270109,佛法无量,0,1,hurt,1,315#415#515#615#715#815#915,130,400,1,1,15210200,0,2000,1800,100,3,,,5,3,25000900,100,1000
15270110,佛法无量,-1,1,hurt,1,315#415#515#615#715#815#915,130,400,1,1,15210200,0,2000,1800,100,3,,,5,3,25000900,100,1000
15270111,佛法无量,-1,1,hurt,1,315#415#515#615#715#815#915,130,400,1,1,15210200,0,2000,1800,100,3,,,5,3,25000900,100,1000
15270112,佛法无量,-1,1,hurt,1,315#415#515#615#715#815#915,130,400,1,1,15210200,0,2000,1800,100,3,,,5,3,25000900,100,1000
15270113,佛法无量,-1,1,hurt,1,315#415#515#615#715#815#915,130,400,1,1,15210200,0,2000,1800,100,3,,,5,3,25000900,100,1000
15270114,佛法无量,-1,1,hurt,1,315#415#515#615#715#815#915,130,400,1,1,15210200,0,2000,1800,100,3,,,5,3,25000900,100,1000
15270115,佛法无量,-1,1,hurt,1,315#415#515#615#715#815#915,130,400,1,1,15210200,0,2000,1800,100,3,,,5,3,25000900,100,1000
15270201,血云齐天,0,1,hurt,1,325#425#525#625#725#825#925,130,400,1,1,15210200,0,2000,1800,100,3,,,5,3,35000900,100,1000
15270202,血云齐天,0,1,hurt,1,325#425#525#625#725#825#925,130,400,1,1,15210200,0,2000,1800,100,3,,,5,3,35000900,100,1000
15270203,血云齐天,0,1,hurt,1,325#425#525#625#725#825#925,130,400,1,1,15210200,0,2000,1800,100,3,,,5,3,35000900,100,1000
15270204,血云齐天,0,1,hurt,1,325#425#525#625#725#825#925,130,400,1,1,15210200,0,2000,1800,100,3,,,5,3,35000900,100,1000
15270205,血云齐天,0,1,hurt,1,325#425#525#625#725#825#925,130,400,1,1,15210200,0,2000,1800,100,3,,,5,3,35000900,100,1000
15270206,血云齐天,0,1,hurt,1,325#425#525#625#725#825#925,130,400,1,1,15210200,0,2000,1800,100,3,,,5,3,35000900,100,1000
15270207,血云齐天,0,1,hurt,1,325#425#525#625#725#825#925,130,400,1,1,15210200,0,2000,1800,100,3,,,5,3,35000900,100,1000
15270208,血云齐天,0,1,hurt,1,325#425#525#625#725#825#925,130,400,1,1,15210200,0,2000,1800,100,3,,,5,3,35000900,100,1000
15270209,血云齐天,0,1,hurt,1,325#425#525#625#725#825#925,130,400,1,1,15210200,0,2000,1800,100,3,,,5,3,35000900,100,1000
15270210,血云齐天,-1,1,hurt,1,325#425#525#625#725#825#925,130,400,1,1,15210200,0,2000,1800,100,3,,,5,3,35000900,100,1000
15270211,血云齐天,-1,1,hurt,1,325#425#525#625#725#825#925,130,400,1,1,15210200,0,2000,1800,100,3,,,5,3,35000900,100,1000
15270212,血云齐天,-1,1,hurt,1,325#425#525#625#725#825#925,130,400,1,1,15210200,0,2000,1800,100,3,,,5,3,35000900,100,1000
15270213,血云齐天,-1,1,hurt,1,325#425#525#625#725#825#925,130,400,1,1,15210200,0,2000,1800,100,3,,,5,3,35000900,100,1000
15270214,血云齐天,-1,1,hurt,1,325#425#525#625#725#825#925,130,400,1,1,15210200,0,2000,1800,100,3,,,5,3,35000900,100,1000
15270215,血云齐天,-1,1,hurt,1,325#425#525#625#725#825#925,130,400,1,1,15210200,0,2000,1800,100,3,,,5,3,35000900,100,1000
15510101,运气疗伤,-1,2,buff,1,105#205#315#325#415#425#515#525#615#625#715#725#815#825#915#925,1,15,2,0,,0,2000,1800,100,1,,,9,2,15000300,,
15520101,回气疗伤,-1,2,buff,1,105#205#315#325#415#425#515#525#615#625#715#725#815#825#915#925,15,20,2,3,,0,2000,1800,100,3,202020001,,9,2,15000300,,
15530101,聚气疗伤,-1,2,buff,1,105#205#315#325#415#425#515#525#615#625#715#725#815#825#915#925,35,25,2,3,,0,2000,1800,100,9,202030001,,9,2,15000300,,
15540101,太极五行,-1,2,buff,1,105#205#315#325#415#425#515#525#615#625#715#725#815#825#915#925,20,15,2,0,,0,2000,1800,100,1,,,9,3,15000400,,
15550101,太极八卦,-1,2,buff,1,105#205#315#325#415#425#515#525#615#625#715#725#815#825#915#925,25,20,2,3,,0,2000,1800,100,3,202050001,,9,3,15000400,,
15560101,太极罡气,-1,2,buff,1,105#205#315#325#415#425#515#525#615#625#715#725#815#825#915#925,30,25,2,3,,0,2000,1800,100,9,202060001,,9,3,15000400,,
15570101,强筋护体,-1,2,buff,1,105#205#315#325#415#425#515#525#615#625#715#725#815#825#915#925,40,30,2,3,,0,2000,1800,100,9,202070001,,9,4,15000500,,
15580101,身轻如燕,-1,2,buff,1,105#205#315#325#415#425#515#525#615#625#715#725#815#825#915#925,45,40,2,3,,0,2000,1800,100,9,202080001,,9,4,15000500,,
15590101,九转回心,-1,2,buff,1,105#205#315#325#415#425#515#525#615#625#715#725#815#825#915#925,55,45,2,3,,0,2000,1800,100,9,202090001,,9,4,15000500,,
16011001,鸾鸢破天翔,0,1,hurt,1,,1,0,1,0,,0,2000,1800,100,1,,,5,1,25000700,40#60,500
16012001,幽殃降天煞,0,1,hurt,1,,1,0,1,0,,0,2000,1800,100,1,,,5,1,35000700,40#60,650
16013001,翱鹏斩天翔,0,1,hurt,1,,1,0,1,1,15210200,0,2000,1800,100,3,,,5,1,25000700,100,1000
16014001,极虹顶天煞,0,1,hurt,1,,1,0,1,1,15210200,0,2000,1800,100,3,,,5,1,35000700,100,700
16015001,白云出岫,0,1,hurt,1,,1,0,1,0,,0,2000,1800,100,1,,,5,2,25000800,100,1000